scenario,adapter_mode,render_frame,late_update_sequence,sample_index_in_frame,input_event_seq,input_control,input_phase,draw_pressed_latched,draw_released_latched,confirm_latched,cancel_latched,session_state_before,session_state_after,sample_phase,event_order,mapping_source,mouse_screen_x,mouse_screen_y,ray_origin_x,ray_origin_y,ray_origin_z,ray_direction_x,ray_direction_y,ray_direction_z,ray_intersection_t,hand_x,hand_y,hand_z,marker_local_x,marker_local_y,marker_local_z,plane_origin_x,plane_origin_y,plane_origin_z,plane_normal_x,plane_normal_y,plane_normal_z,raw_candidate_x,raw_candidate_y,raw_candidate_z,independent_expected_x,independent_expected_y,independent_expected_z,mapping_error,candidate_valid,candidate_invalid_reason,accepted_appended,appended_point_count,accepted_count_before,accepted_count_after,length_before,length_after,available_before,available_after,drawing_before,drawing_after,pending_before,pending_after,backend_instance_id,backend_profile_hash,adapter_config_hash,depth_drift,mouse_influence_detected,remote_point_detected,atomic_unchanged,result
A01,Aim,7,1,1,1,LMB,PRESSED,True,False,False,False,Idle,Drawing,LATE_UPDATE,PRESS>CANDIDATE,MOUSE_RAY,960.000000000,540.000000000,0.031481090,2.484718000,-5.906149000,0.314298700,-0.152566200,0.936984500,1.871472000,0.150000000,1.399346000,-4.000000000,0.350000000,0.800000000,0.000000000,0.150000000,1.399346000,-4.000000000,0.309017000,0.000000000,0.951056500,0.619682300,2.199195000,-4.152609000,0.619682300,2.199195000,-4.152609000,0.000000000,True,Appended,True,11,0,12,0.000000000,0.880000000,5.000000000,4.120000000,0.000000000,0.880000000,0.000000000,0.000000000,Du03AStrokeSession,reach=1.25|spacing=0.08|dedupe=0.02|min=0.20|ink=5.00,source=MOUSE_RAY|phase=LATE_UPDATE|assist=NONE,0.000000000,False,False,False,PASS
A02,Aim,8,2,1,2,LMB,HELD,False,False,False,False,Drawing,Drawing,LATE_UPDATE,CANDIDATE,MOUSE_RAY,960.000000000,540.000000000,0.031481090,2.484718000,-5.906149000,0.314298700,-0.152566200,0.936984500,1.871472000,0.150000000,1.396075000,-4.000000000,0.350000000,0.800000000,0.000000000,0.150000000,1.399346000,-4.000000000,0.309017000,0.000000000,0.951056500,0.619682300,2.199195000,-4.152609000,0.619682300,2.199195000,-4.152609000,0.000000000,True,SpacingNotReached,False,0,12,12,0.880000000,0.880000000,4.120000000,4.120000000,0.880000000,0.880000000,0.000000000,0.000000000,Du03AStrokeSession,reach=1.25|spacing=0.08|dedupe=0.02|min=0.20|ink=5.00,source=MOUSE_RAY|phase=LATE_UPDATE|assist=NONE,0.000000000,False,False,True,PASS
A03,Aim,9,3,1,3,LMB,HELD,False,False,False,False,Drawing,Drawing,LATE_UPDATE,CANDIDATE,MOUSE_RAY,720.000000000,540.000000000,0.004696058,2.484718000,-5.897446000,0.045244510,-0.147230700,0.988066900,1.939291000,0.150000000,1.389535000,-4.000000000,0.350000000,0.800000000,0.000000000,0.150000000,1.399346000,-4.000000000,0.309017000,0.000000000,0.951056500,0.092438310,2.199195000,-3.981297000,0.092438310,2.199195000,-3.981297000,0.000000000,True,Appended,True,6,12,18,0.880000000,1.360000000,4.120000000,3.640000000,0.880000000,1.360000000,0.000000000,0.000000000,Du03AStrokeSession,reach=1.25|spacing=0.08|dedupe=0.02|min=0.20|ink=5.00,source=MOUSE_RAY|phase=LATE_UPDATE|assist=NONE,0.000000000,False,False,False,PASS
A03,Aim,10,4,1,4,LMB,HELD,False,False,False,False,Drawing,Drawing,LATE_UPDATE,CANDIDATE,MOUSE_RAY,1200.000000000,540.000000000,0.058266040,2.484718000,-5.914852000,0.558634400,-0.146512400,0.816371100,1.948784000,0.150000000,1.380375000,-4.000000000,0.350000000,0.800000000,0.000000000,0.150000000,1.399346000,-4.000000000,0.309017000,0.000000000,0.951056500,1.146924000,2.199197000,-4.323920000,1.146924000,2.199197000,-4.323920000,0.000000000,False,ReachInvalid,False,0,18,18,1.360000000,1.360000000,3.640000000,3.640000000,1.360000000,1.360000000,0.000000000,0.000000000,Du03AStrokeSession,reach=1.25|spacing=0.08|dedupe=0.02|min=0.20|ink=5.00,source=MOUSE_RAY|phase=LATE_UPDATE|assist=NONE,0.000000000,False,False,True,PASS
A03,Aim,11,5,1,5,LMB,HELD,False,False,False,False,Drawing,Drawing,LATE_UPDATE,CANDIDATE,MOUSE_RAY,960.000000000,360.000000000,0.030123950,2.464057000,-5.910326000,0.297676500,-0.355172900,0.886138200,1.983271000,0.150000000,1.368598000,-4.000000000,0.350000000,0.800000000,0.000000000,0.150000000,1.399346000,-4.000000000,0.309017000,0.000000000,0.951056500,0.620497000,1.759653000,-4.152874000,0.620497000,1.759653000,-4.152874000,0.000000000,True,Appended,True,8,18,26,1.360000000,2.000000000,3.640000000,3.000000000,1.360000000,2.000000000,0.000000000,0.000000000,Du03AStrokeSession,reach=1.25|spacing=0.08|dedupe=0.02|min=0.20|ink=5.00,source=MOUSE_RAY|phase=LATE_UPDATE|assist=NONE,0.000000000,False,False,False,PASS
A03,Aim,12,6,1,6,LMB,HELD,False,False,False,False,Drawing,Drawing,LATE_UPDATE,CANDIDATE,MOUSE_RAY,960.000000000,720.000000000,0.032838160,2.505379000,-5.901972000,0.317210500,0.051964930,0.946930300,1.847661000,0.150000000,1.353376000,-4.000000000,0.350000000,0.800000000,0.000000000,0.150000000,1.399346000,-4.000000000,0.309017000,0.000000000,0.951056500,0.618935500,2.601393000,-4.152366000,0.618935500,2.601393000,-4.152366000,0.000000000,False,ReachInvalid,False,0,26,26,2.000000000,2.000000000,3.000000000,3.000000000,2.000000000,2.000000000,0.000000000,0.000000000,Du03AStrokeSession,reach=1.25|spacing=0.08|dedupe=0.02|min=0.20|ink=5.00,source=MOUSE_RAY|phase=LATE_UPDATE|assist=NONE,0.000000000,False,False,True,PASS
A04,Aim,13,7,1,7,LMB,HELD,False,False,False,False,Drawing,Drawing,LATE_UPDATE,CANDIDATE,MOUSE_RAY,960.000000000,540.000000000,0.061681580,2.484718000,-5.922576000,0.615812300,-0.152566000,0.772980500,2.005274000,0.150000000,1.336233000,-4.000000000,0.350000000,0.800000000,0.000000000,0.150000000,1.399346000,-4.000000000,0.309017000,0.000000000,0.951056500,1.296554000,2.178782000,-4.372538000,1.296554000,2.178782000,-4.372538000,0.000000000,False,ReachInvalid,False,0,26,26,2.000000000,2.000000000,3.000000000,3.000000000,2.000000000,2.000000000,0.000000000,0.000000000,Du03AStrokeSession,reach=1.25|spacing=0.08|dedupe=0.02|min=0.20|ink=5.00,source=MOUSE_RAY|phase=LATE_UPDATE|assist=NONE,0.000000000,False,False,True,PASS
A05,Aim,14,8,1,8,LMB,HELD,False,False,False,False,Drawing,Drawing,LATE_UPDATE,CANDIDATE,MOUSE_RAY,952.000000000,492.000000000,0.000000000,2.500000000,-6.000000000,-0.951056500,0.000000000,0.309017000,,0.150000000,1.316453000,-4.000000000,0.350000000,0.800000000,0.000000000,0.150000000,1.399346000,-4.000000000,0.309017000,0.000000000,0.951056500,,,,,,,,False,NO_PLANE_INTERSECTION,False,0,26,26,2.000000000,2.000000000,3.000000000,3.000000000,2.000000000,2.000000000,0.000000000,0.000000000,Du03AStrokeSession,reach=1.25|spacing=0.08|dedupe=0.02|min=0.20|ink=5.00,source=MOUSE_RAY|phase=LATE_UPDATE|assist=NONE,0.000000000,False,False,True,PASS
A06,Aim,15,9,1,9,LMB,HELD,False,False,False,False,Drawing,Drawing,LATE_UPDATE,CANDIDATE,MOUSE_RAY,952.000000000,492.000000000,NaN,0.000000000,0.000000000,0.000000000,0.000000000,1.000000000,,0.150000000,1.293560000,-4.000000000,0.350000000,0.800000000,0.000000000,0.150000000,1.399346000,-4.000000000,0.309017000,0.000000000,0.951056500,,,,,,,,False,NON_FINITE,False,0,26,26,2.000000000,2.000000000,3.000000000,3.000000000,2.000000000,2.000000000,0.000000000,0.000000000,Du03AStrokeSession,reach=1.25|spacing=0.08|dedupe=0.02|min=0.20|ink=5.00,source=MOUSE_RAY|phase=LATE_UPDATE|assist=NONE,0.000000000,False,False,True,PASS
A07,Aim,16,10,1,10,LMB,HELD,False,False,False,False,Drawing,Drawing,LATE_UPDATE,CANDIDATE,MOUSE_RAY,960.000000000,540.000000000,0.061681580,2.484718000,-5.922576000,0.615812300,-0.152566000,0.772980500,2.005274000,0.150000000,1.267894000,-4.000000000,0.350000000,0.800000000,0.000000000,0.150000000,1.399346000,-4.000000000,0.309017000,0.000000000,0.951056500,1.296554000,2.178782000,-4.372538000,1.296554000,2.178782000,-4.372538000,0.000000000,False,ReachInvalid,False,0,26,26,2.000000000,2.000000000,3.000000000,3.000000000,2.000000000,2.000000000,0.000000000,0.000000000,Du03AStrokeSession,reach=1.25|spacing=0.08|dedupe=0.02|min=0.20|ink=5.00,source=MOUSE_RAY|phase=LATE_UPDATE|assist=NONE,0.000000000,False,False,True,PASS
A07,Aim,17,11,1,11,LMB,HELD,False,False,False,False,Drawing,Drawing,LATE_UPDATE,CANDIDATE,MOUSE_RAY,960.000000000,540.000000000,0.061681580,2.484718000,-5.922576000,0.615812300,-0.152566000,0.772980500,2.005274000,0.150000000,1.239604000,-4.000000000,0.350000000,0.800000000,0.000000000,0.150000000,1.399346000,-4.000000000,0.309017000,0.000000000,0.951056500,1.296554000,2.178782000,-4.372538000,1.296554000,2.178782000,-4.372538000,0.000000000,False,ReachInvalid,False,0,26,26,2.000000000,2.000000000,3.000000000,3.000000000,2.000000000,2.000000000,0.000000000,0.000000000,Du03AStrokeSession,reach=1.25|spacing=0.08|dedupe=0.02|min=0.20|ink=5.00,source=MOUSE_RAY|phase=LATE_UPDATE|assist=NONE,0.000000000,False,False,True,PASS
A07,Aim,18,12,1,12,LMB,HELD,False,False,False,False,Drawing,Drawing,LATE_UPDATE,CANDIDATE,MOUSE_RAY,960.000000000,540.000000000,0.061681580,2.484718000,-5.922576000,0.615812300,-0.152566000,0.772980500,2.005274000,0.150000000,1.208703000,-4.000000000,0.350000000,0.800000000,0.000000000,0.150000000,1.399346000,-4.000000000,0.309017000,0.000000000,0.951056500,1.296554000,2.178782000,-4.372538000,1.296554000,2.178782000,-4.372538000,0.000000000,False,ReachInvalid,False,0,26,26,2.000000000,2.000000000,3.000000000,3.000000000,2.000000000,2.000000000,0.000000000,0.000000000,Du03AStrokeSession,reach=1.25|spacing=0.08|dedupe=0.02|min=0.20|ink=5.00,source=MOUSE_RAY|phase=LATE_UPDATE|assist=NONE,0.000000000,False,False,True,PASS
A07,Aim,19,13,1,13,LMB,HELD,False,False,False,False,Drawing,Drawing,LATE_UPDATE,CANDIDATE,MOUSE_RAY,960.000000000,540.000000000,0.061681580,2.484718000,-5.922576000,0.615812300,-0.152566000,0.772980500,2.005274000,0.150000000,1.175181000,-4.000000000,0.350000000,0.800000000,0.000000000,0.150000000,1.399346000,-4.000000000,0.309017000,0.000000000,0.951056500,1.296554000,2.178782000,-4.372538000,1.296554000,2.178782000,-4.372538000,0.000000000,False,ReachInvalid,False,0,26,26,2.000000000,2.000000000,3.000000000,3.000000000,2.000000000,2.000000000,0.000000000,0.000000000,Du03AStrokeSession,reach=1.25|spacing=0.08|dedupe=0.02|min=0.20|ink=5.00,source=MOUSE_RAY|phase=LATE_UPDATE|assist=NONE,0.000000000,False,False,True,PASS
A07,Aim,20,14,1,14,LMB,HELD,False,False,False,False,Drawing,Drawing,LATE_UPDATE,CANDIDATE,MOUSE_RAY,960.000000000,540.000000000,0.061681580,2.484718000,-5.922576000,0.615812300,-0.152566000,0.772980500,2.005274000,0.150000000,1.139055000,-4.000000000,0.350000000,0.800000000,0.000000000,0.150000000,1.399346000,-4.000000000,0.309017000,0.000000000,0.951056500,1.296554000,2.178782000,-4.372538000,1.296554000,2.178782000,-4.372538000,0.000000000,False,ReachInvalid,False,0,26,26,2.000000000,2.000000000,3.000000000,3.000000000,2.000000000,2.000000000,0.000000000,0.000000000,Du03AStrokeSession,reach=1.25|spacing=0.08|dedupe=0.02|min=0.20|ink=5.00,source=MOUSE_RAY|phase=LATE_UPDATE|assist=NONE,0.000000000,False,False,True,PASS
A07,Aim,21,15,1,15,LMB,HELD,False,False,False,False,Drawing,Drawing,LATE_UPDATE,CANDIDATE,MOUSE_RAY,960.000000000,540.000000000,0.061681580,2.484718000,-5.922576000,0.615812300,-0.152566000,0.772980500,2.005274000,0.150000000,1.099814000,-4.000000000,0.350000000,0.800000000,0.000000000,0.150000000,1.399346000,-4.000000000,0.309017000,0.000000000,0.951056500,1.296554000,2.178782000,-4.372538000,1.296554000,2.178782000,-4.372538000,0.000000000,False,ReachInvalid,False,0,26,26,2.000000000,2.000000000,3.000000000,3.000000000,2.000000000,2.000000000,0.000000000,0.000000000,Du03AStrokeSession,reach=1.25|spacing=0.08|dedupe=0.02|min=0.20|ink=5.00,source=MOUSE_RAY|phase=LATE_UPDATE|assist=NONE,0.000000000,False,False,True,PASS
A07,Aim,22,16,1,16,LMB,HELD,False,False,False,False,Drawing,Drawing,LATE_UPDATE,CANDIDATE,MOUSE_RAY,960.000000000,540.000000000,0.061681580,2.484718000,-5.922576000,0.615812300,-0.152566000,0.772980500,2.005274000,0.150000000,1.057795000,-4.000000000,0.350000000,0.800000000,0.000000000,0.150000000,1.399346000,-4.000000000,0.309017000,0.000000000,0.951056500,1.296554000,2.178782000,-4.372538000,1.296554000,2.178782000,-4.372538000,0.000000000,False,ReachInvalid,False,0,26,26,2.000000000,2.000000000,3.000000000,3.000000000,2.000000000,2.000000000,0.000000000,0.000000000,Du03AStrokeSession,reach=1.25|spacing=0.08|dedupe=0.02|min=0.20|ink=5.00,source=MOUSE_RAY|phase=LATE_UPDATE|assist=NONE,0.000000000,False,False,True,PASS
A07,Aim,23,17,1,17,LMB,HELD,False,False,False,False,Drawing,Drawing,LATE_UPDATE,CANDIDATE,MOUSE_RAY,960.000000000,540.000000000,0.061681580,2.484718000,-5.922576000,0.615812300,-0.152566000,0.772980500,2.005274000,0.150000000,1.013157000,-4.000000000,0.350000000,0.800000000,0.000000000,0.150000000,1.399346000,-4.000000000,0.309017000,0.000000000,0.951056500,1.296554000,2.178782000,-4.372538000,1.296554000,2.178782000,-4.372538000,0.000000000,False,ReachInvalid,False,0,26,26,2.000000000,2.000000000,3.000000000,3.000000000,2.000000000,2.000000000,0.000000000,0.000000000,Du03AStrokeSession,reach=1.25|spacing=0.08|dedupe=0.02|min=0.20|ink=5.00,source=MOUSE_RAY|phase=LATE_UPDATE|assist=NONE,0.000000000,False,False,True,PASS
A07,Aim,24,18,1,18,LMB,HELD,False,False,False,False,Drawing,Drawing,LATE_UPDATE,CANDIDATE,MOUSE_RAY,960.000000000,540.000000000,0.061681580,2.484718000,-5.922576000,0.615812300,-0.152566000,0.772980500,2.005274000,0.150000000,0.965234800,-4.000000000,0.350000000,0.800000000,0.000000000,0.150000000,1.399346000,-4.000000000,0.309017000,0.000000000,0.951056500,1.296554000,2.178782000,-4.372538000,1.296554000,2.178782000,-4.372538000,0.000000000,False,ReachInvalid,False,0,26,26,2.000000000,2.000000000,3.000000000,3.000000000,2.000000000,2.000000000,0.000000000,0.000000000,Du03AStrokeSession,reach=1.25|spacing=0.08|dedupe=0.02|min=0.20|ink=5.00,source=MOUSE_RAY|phase=LATE_UPDATE|assist=NONE,0.000000000,False,False,True,PASS
A07,Aim,25,19,1,19,LMB,HELD,False,False,False,False,Drawing,Drawing,LATE_UPDATE,CANDIDATE,MOUSE_RAY,960.000000000,540.000000000,0.061681580,2.484718000,-5.922576000,0.615812300,-0.152566000,0.772980500,2.005274000,0.150000000,0.915323600,-4.000000000,0.350000000,0.800000000,0.000000000,0.150000000,1.399346000,-4.000000000,0.309017000,0.000000000,0.951056500,1.296554000,2.178782000,-4.372538000,1.296554000,2.178782000,-4.372538000,0.000000000,False,ReachInvalid,False,0,26,26,2.000000000,2.000000000,3.000000000,3.000000000,2.000000000,2.000000000,0.000000000,0.000000000,Du03AStrokeSession,reach=1.25|spacing=0.08|dedupe=0.02|min=0.20|ink=5.00,source=MOUSE_RAY|phase=LATE_UPDATE|assist=NONE,0.000000000,False,False,True,PASS
A07,Aim,26,20,1,20,LMB,HELD,False,False,False,False,Drawing,Drawing,LATE_UPDATE,CANDIDATE,MOUSE_RAY,960.000000000,540.000000000,0.061681580,2.484718000,-5.922576000,0.615812300,-0.152566000,0.772980500,2.005274000,0.150000000,0.867767000,-4.000000000,0.350000000,0.800000000,0.000000000,0.150000000,1.399346000,-4.000000000,0.309017000,0.000000000,0.951056500,1.296554000,2.178782000,-4.372538000,1.296554000,2.178782000,-4.372538000,0.000000000,False,ReachInvalid,False,0,26,26,2.000000000,2.000000000,3.000000000,3.000000000,2.000000000,2.000000000,0.000000000,0.000000000,Du03AStrokeSession,reach=1.25|spacing=0.08|dedupe=0.02|min=0.20|ink=5.00,source=MOUSE_RAY|phase=LATE_UPDATE|assist=NONE,0.000000000,False,False,True,PASS
A07,Aim,27,21,1,21,LMB,HELD,False,False,False,False,Drawing,Drawing,LATE_UPDATE,CANDIDATE,MOUSE_RAY,960.000000000,540.000000000,0.061681580,2.484718000,-5.922576000,0.615812300,-0.152566000,0.772980500,2.005274000,0.150000000,0.890209800,-4.000000000,0.350000000,0.800000000,0.000000000,0.150000000,1.399346000,-4.000000000,0.309017000,0.000000000,0.951056500,1.296554000,2.178782000,-4.372538000,1.296554000,2.178782000,-4.372538000,0.000000000,False,ReachInvalid,False,0,26,26,2.000000000,2.000000000,3.000000000,3.000000000,2.000000000,2.000000000,0.000000000,0.000000000,Du03AStrokeSession,reach=1.25|spacing=0.08|dedupe=0.02|min=0.20|ink=5.00,source=MOUSE_RAY|phase=LATE_UPDATE|assist=NONE,0.000000000,False,False,True,PASS
A07,Aim,28,22,1,22,LMB,HELD,False,False,False,False,Drawing,Drawing,LATE_UPDATE,CANDIDATE,MOUSE_RAY,960.000000000,540.000000000,0.061681580,2.484718000,-5.922576000,0.615812300,-0.152566000,0.772980500,2.005274000,0.150000000,0.897150800,-4.000000000,0.350000000,0.800000000,0.000000000,0.150000000,1.399346000,-4.000000000,0.309017000,0.000000000,0.951056500,1.296554000,2.178782000,-4.372538000,1.296554000,2.178782000,-4.372538000,0.000000000,False,ReachInvalid,False,0,26,26,2.000000000,2.000000000,3.000000000,3.000000000,2.000000000,2.000000000,0.000000000,0.000000000,Du03AStrokeSession,reach=1.25|spacing=0.08|dedupe=0.02|min=0.20|ink=5.00,source=MOUSE_RAY|phase=LATE_UPDATE|assist=NONE,0.000000000,False,False,True,PASS
A07,Aim,29,23,1,23,LMB,HELD,False,False,False,False,Drawing,Drawing,LATE_UPDATE,CANDIDATE,MOUSE_RAY,960.000000000,540.000000000,0.061681580,2.484718000,-5.922576000,0.615812300,-0.152566000,0.772980500,2.005274000,0.150000000,0.899253000,-4.000000000,0.350000000,0.800000000,0.000000000,0.150000000,1.399346000,-4.000000000,0.309017000,0.000000000,0.951056500,1.296554000,2.178782000,-4.372538000,1.296554000,2.178782000,-4.372538000,0.000000000,False,ReachInvalid,False,0,26,26,2.000000000,2.000000000,3.000000000,3.000000000,2.000000000,2.000000000,0.000000000,0.000000000,Du03AStrokeSession,reach=1.25|spacing=0.08|dedupe=0.02|min=0.20|ink=5.00,source=MOUSE_RAY|phase=LATE_UPDATE|assist=NONE,0.000000000,False,False,True,PASS
A07,Aim,30,24,1,24,LMB,HELD,False,False,False,False,Drawing,Drawing,LATE_UPDATE,CANDIDATE,MOUSE_RAY,960.000000000,540.000000000,0.061681580,2.484718000,-5.922576000,0.615812300,-0.152566000,0.772980500,2.005274000,0.150000000,0.899814700,-4.000000000,0.350000000,0.800000000,0.000000000,0.150000000,1.399346000,-4.000000000,0.309017000,0.000000000,0.951056500,1.296554000,2.178782000,-4.372538000,1.296554000,2.178782000,-4.372538000,0.000000000,False,ReachInvalid,False,0,26,26,2.000000000,2.000000000,3.000000000,3.000000000,2.000000000,2.000000000,0.000000000,0.000000000,Du03AStrokeSession,reach=1.25|spacing=0.08|dedupe=0.02|min=0.20|ink=5.00,source=MOUSE_RAY|phase=LATE_UPDATE|assist=NONE,0.000000000,False,False,True,PASS
A07,Aim,31,25,1,25,LMB,HELD,False,False,False,False,Drawing,Drawing,LATE_UPDATE,CANDIDATE,MOUSE_RAY,960.000000000,540.000000000,0.061681580,2.484718000,-5.922576000,0.615812300,-0.152566000,0.772980500,2.005274000,0.150000000,0.899955700,-4.000000000,0.350000000,0.800000000,0.000000000,0.150000000,1.399346000,-4.000000000,0.309017000,0.000000000,0.951056500,1.296554000,2.178782000,-4.372538000,1.296554000,2.178782000,-4.372538000,0.000000000,False,ReachInvalid,False,0,26,26,2.000000000,2.000000000,3.000000000,3.000000000,2.000000000,2.000000000,0.000000000,0.000000000,Du03AStrokeSession,reach=1.25|spacing=0.08|dedupe=0.02|min=0.20|ink=5.00,source=MOUSE_RAY|phase=LATE_UPDATE|assist=NONE,0.000000000,False,False,True,PASS
A07,Aim,32,26,1,26,LMB,HELD,False,False,False,False,Drawing,Drawing,LATE_UPDATE,CANDIDATE,MOUSE_RAY,960.000000000,540.000000000,0.061681580,2.484718000,-5.922576000,0.615812300,-0.152566000,0.772980500,2.005274000,0.150000000,0.899989700,-4.000000000,0.350000000,0.800000000,0.000000000,0.150000000,1.399346000,-4.000000000,0.309017000,0.000000000,0.951056500,1.296554000,2.178782000,-4.372538000,1.296554000,2.178782000,-4.372538000,0.000000000,False,ReachInvalid,False,0,26,26,2.000000000,2.000000000,3.000000000,3.000000000,2.000000000,2.000000000,0.000000000,0.000000000,Du03AStrokeSession,reach=1.25|spacing=0.08|dedupe=0.02|min=0.20|ink=5.00,source=MOUSE_RAY|phase=LATE_UPDATE|assist=NONE,0.000000000,False,False,True,PASS
A07,Aim,33,27,1,27,LMB,HELD,False,False,False,False,Drawing,Drawing,LATE_UPDATE,CANDIDATE,MOUSE_RAY,960.000000000,540.000000000,0.061681580,2.484718000,-5.922576000,0.615812300,-0.152566000,0.772980500,2.005274000,0.150000000,0.899996900,-4.000000000,0.350000000,0.800000000,0.000000000,0.150000000,1.399346000,-4.000000000,0.309017000,0.000000000,0.951056500,1.296554000,2.178782000,-4.372538000,1.296554000,2.178782000,-4.372538000,0.000000000,False,ReachInvalid,False,0,26,26,2.000000000,2.000000000,3.000000000,3.000000000,2.000000000,2.000000000,0.000000000,0.000000000,Du03AStrokeSession,reach=1.25|spacing=0.08|dedupe=0.02|min=0.20|ink=5.00,source=MOUSE_RAY|phase=LATE_UPDATE|assist=NONE,0.000000000,False,False,True,PASS
A07,Aim,34,28,1,28,LMB,HELD,False,False,False,False,Drawing,Drawing,LATE_UPDATE,CANDIDATE,MOUSE_RAY,960.000000000,540.000000000,0.061681580,2.484718000,-5.922576000,0.615812300,-0.152566000,0.772980500,2.005274000,0.150000000,0.899999100,-4.000000000,0.350000000,0.800000000,0.000000000,0.150000000,1.399346000,-4.000000000,0.309017000,0.000000000,0.951056500,1.296554000,2.178782000,-4.372538000,1.296554000,2.178782000,-4.372538000,0.000000000,False,ReachInvalid,False,0,26,26,2.000000000,2.000000000,3.000000000,3.000000000,2.000000000,2.000000000,0.000000000,0.000000000,Du03AStrokeSession,reach=1.25|spacing=0.08|dedupe=0.02|min=0.20|ink=5.00,source=MOUSE_RAY|phase=LATE_UPDATE|assist=NONE,0.000000000,False,False,True,PASS
A07,Aim,35,29,1,29,LMB,HELD,False,False,False,False,Drawing,Drawing,LATE_UPDATE,CANDIDATE,MOUSE_RAY,960.000000000,540.000000000,0.061681580,2.484718000,-5.922576000,0.615812300,-0.152566000,0.772980500,2.005274000,0.150000000,0.899999700,-4.000000000,0.350000000,0.800000000,0.000000000,0.150000000,1.399346000,-4.000000000,0.309017000,0.000000000,0.951056500,1.296554000,2.178782000,-4.372538000,1.296554000,2.178782000,-4.372538000,0.000000000,False,ReachInvalid,False,0,26,26,2.000000000,2.000000000,3.000000000,3.000000000,2.000000000,2.000000000,0.000000000,0.000000000,Du03AStrokeSession,reach=1.25|spacing=0.08|dedupe=0.02|min=0.20|ink=5.00,source=MOUSE_RAY|phase=LATE_UPDATE|assist=NONE,0.000000000,False,False,True,PASS
A07,Aim,36,30,1,30,LMB,HELD,False,False,False,False,Drawing,Drawing,LATE_UPDATE,CANDIDATE,MOUSE_RAY,960.000000000,540.000000000,0.061681580,2.484718000,-5.922576000,0.615812300,-0.152566000,0.772980500,2.005274000,0.150000000,0.899999900,-4.000000000,0.350000000,0.800000000,0.000000000,0.150000000,1.399346000,-4.000000000,0.309017000,0.000000000,0.951056500,1.296554000,2.178782000,-4.372538000,1.296554000,2.178782000,-4.372538000,0.000000000,False,ReachInvalid,False,0,26,26,2.000000000,2.000000000,3.000000000,3.000000000,2.000000000,2.000000000,0.000000000,0.000000000,Du03AStrokeSession,reach=1.25|spacing=0.08|dedupe=0.02|min=0.20|ink=5.00,source=MOUSE_RAY|phase=LATE_UPDATE|assist=NONE,0.000000000,False,False,True,PASS
A07,Aim,37,31,1,31,LMB,HELD,False,False,False,False,Drawing,Drawing,LATE_UPDATE,CANDIDATE,MOUSE_RAY,960.000000000,540.000000000,0.061681580,2.484718000,-5.922576000,0.615812300,-0.152566000,0.772980500,2.005274000,0.150000000,0.900000000,-4.000000000,0.350000000,0.800000000,0.000000000,0.150000000,1.399346000,-4.000000000,0.309017000,0.000000000,0.951056500,1.296554000,2.178782000,-4.372538000,1.296554000,2.178782000,-4.372538000,0.000000000,False,ReachInvalid,False,0,26,26,2.000000000,2.000000000,3.000000000,3.000000000,2.000000000,2.000000000,0.000000000,0.000000000,Du03AStrokeSession,reach=1.25|spacing=0.08|dedupe=0.02|min=0.20|ink=5.00,source=MOUSE_RAY|phase=LATE_UPDATE|assist=NONE,0.000000000,False,False,True,PASS
A07,Aim,38,32,1,32,LMB,HELD,False,False,False,False,Drawing,Drawing,LATE_UPDATE,CANDIDATE,MOUSE_RAY,960.000000000,540.000000000,0.061681580,2.484718000,-5.922576000,0.615812300,-0.152566000,0.772980500,2.005274000,0.150000000,0.900000000,-4.000000000,0.350000000,0.800000000,0.000000000,0.150000000,1.399346000,-4.000000000,0.309017000,0.000000000,0.951056500,1.296554000,2.178782000,-4.372538000,1.296554000,2.178782000,-4.372538000,0.000000000,False,ReachInvalid,False,0,26,26,2.000000000,2.000000000,3.000000000,3.000000000,2.000000000,2.000000000,0.000000000,0.000000000,Du03AStrokeSession,reach=1.25|spacing=0.08|dedupe=0.02|min=0.20|ink=5.00,source=MOUSE_RAY|phase=LATE_UPDATE|assist=NONE,0.000000000,False,False,True,PASS
A07,Aim,39,33,1,33,LMB,HELD,False,False,False,False,Drawing,Drawing,LATE_UPDATE,CANDIDATE,MOUSE_RAY,960.000000000,540.000000000,0.061681580,2.484718000,-5.922576000,0.615812300,-0.152566000,0.772980500,2.005274000,0.150000000,0.900000000,-4.000000000,0.350000000,0.800000000,0.000000000,0.150000000,1.399346000,-4.000000000,0.309017000,0.000000000,0.951056500,1.296554000,2.178782000,-4.372538000,1.296554000,2.178782000,-4.372538000,0.000000000,False,ReachInvalid,False,0,26,26,2.000000000,2.000000000,3.000000000,3.000000000,2.000000000,2.000000000,0.000000000,0.000000000,Du03AStrokeSession,reach=1.25|spacing=0.08|dedupe=0.02|min=0.20|ink=5.00,source=MOUSE_RAY|phase=LATE_UPDATE|assist=NONE,0.000000000,False,False,True,PASS
A07,Aim,40,34,1,34,LMB,HELD,False,False,False,False,Drawing,Drawing,LATE_UPDATE,CANDIDATE,MOUSE_RAY,960.000000000,540.000000000,0.061681580,2.484718000,-5.922576000,0.615812300,-0.152566000,0.772980500,2.005274000,0.150000000,0.900000000,-4.000000000,0.350000000,0.800000000,0.000000000,0.150000000,1.399346000,-4.000000000,0.309017000,0.000000000,0.951056500,1.296554000,2.178782000,-4.372538000,1.296554000,2.178782000,-4.372538000,0.000000000,False,ReachInvalid,False,0,26,26,2.000000000,2.000000000,3.000000000,3.000000000,2.000000000,2.000000000,0.000000000,0.000000000,Du03AStrokeSession,reach=1.25|spacing=0.08|dedupe=0.02|min=0.20|ink=5.00,source=MOUSE_RAY|phase=LATE_UPDATE|assist=NONE,0.000000000,False,False,True,PASS
A07,Aim,41,35,1,35,LMB,HELD,False,False,False,False,Drawing,Drawing,LATE_UPDATE,CANDIDATE,MOUSE_RAY,960.000000000,540.000000000,0.061681580,2.484718000,-5.922576000,0.615812300,-0.152566000,0.772980500,2.005274000,0.150000000,0.900000000,-4.000000000,0.350000000,0.800000000,0.000000000,0.150000000,1.399346000,-4.000000000,0.309017000,0.000000000,0.951056500,1.296554000,2.178782000,-4.372538000,1.296554000,2.178782000,-4.372538000,0.000000000,False,ReachInvalid,False,0,26,26,2.000000000,2.000000000,3.000000000,3.000000000,2.000000000,2.000000000,0.000000000,0.000000000,Du03AStrokeSession,reach=1.25|spacing=0.08|dedupe=0.02|min=0.20|ink=5.00,source=MOUSE_RAY|phase=LATE_UPDATE|assist=NONE,0.000000000,False,False,True,PASS
A07,Aim,42,36,1,36,LMB,HELD,False,False,False,False,Drawing,Drawing,LATE_UPDATE,CANDIDATE,MOUSE_RAY,960.000000000,540.000000000,0.061681580,2.484718000,-5.922576000,0.615812300,-0.152566000,0.772980500,2.005274000,0.150000000,0.900000000,-4.000000000,0.350000000,0.800000000,0.000000000,0.150000000,1.399346000,-4.000000000,0.309017000,0.000000000,0.951056500,1.296554000,2.178782000,-4.372538000,1.296554000,2.178782000,-4.372538000,0.000000000,False,ReachInvalid,False,0,26,26,2.000000000,2.000000000,3.000000000,3.000000000,2.000000000,2.000000000,0.000000000,0.000000000,Du03AStrokeSession,reach=1.25|spacing=0.08|dedupe=0.02|min=0.20|ink=5.00,source=MOUSE_RAY|phase=LATE_UPDATE|assist=NONE,0.000000000,False,False,True,PASS
A07,Aim,43,37,1,37,LMB,HELD,False,False,False,False,Drawing,Drawing,LATE_UPDATE,CANDIDATE,MOUSE_RAY,960.000000000,540.000000000,0.061681580,2.484718000,-5.922576000,0.615812300,-0.152566000,0.772980500,2.005274000,0.150000000,0.900000000,-4.000000000,0.350000000,0.800000000,0.000000000,0.150000000,1.399346000,-4.000000000,0.309017000,0.000000000,0.951056500,1.296554000,2.178782000,-4.372538000,1.296554000,2.178782000,-4.372538000,0.000000000,False,ReachInvalid,False,0,26,26,2.000000000,2.000000000,3.000000000,3.000000000,2.000000000,2.000000000,0.000000000,0.000000000,Du03AStrokeSession,reach=1.25|spacing=0.08|dedupe=0.02|min=0.20|ink=5.00,source=MOUSE_RAY|phase=LATE_UPDATE|assist=NONE,0.000000000,False,False,True,PASS
A07,Aim,44,38,1,38,LMB,HELD,False,False,False,False,Drawing,Drawing,LATE_UPDATE,CANDIDATE,MOUSE_RAY,960.000000000,540.000000000,0.061681580,2.484718000,-5.922576000,0.615812300,-0.152566000,0.772980500,2.005274000,0.150000000,0.900000000,-4.000000000,0.350000000,0.800000000,0.000000000,0.150000000,1.399346000,-4.000000000,0.309017000,0.000000000,0.951056500,1.296554000,2.178782000,-4.372538000,1.296554000,2.178782000,-4.372538000,0.000000000,False,ReachInvalid,False,0,26,26,2.000000000,2.000000000,3.000000000,3.000000000,2.000000000,2.000000000,0.000000000,0.000000000,Du03AStrokeSession,reach=1.25|spacing=0.08|dedupe=0.02|min=0.20|ink=5.00,source=MOUSE_RAY|phase=LATE_UPDATE|assist=NONE,0.000000000,False,False,True,PASS
A07,Aim,45,39,1,39,LMB,HELD,False,False,False,False,Drawing,Drawing,LATE_UPDATE,CANDIDATE,MOUSE_RAY,960.000000000,540.000000000,0.061681580,2.484718000,-5.922576000,0.615812300,-0.152566000,0.772980500,2.005274000,0.150000000,0.900000000,-4.000000000,0.350000000,0.800000000,0.000000000,0.150000000,1.399346000,-4.000000000,0.309017000,0.000000000,0.951056500,1.296554000,2.178782000,-4.372538000,1.296554000,2.178782000,-4.372538000,0.000000000,False,ReachInvalid,False,0,26,26,2.000000000,2.000000000,3.000000000,3.000000000,2.000000000,2.000000000,0.000000000,0.000000000,Du03AStrokeSession,reach=1.25|spacing=0.08|dedupe=0.02|min=0.20|ink=5.00,source=MOUSE_RAY|phase=LATE_UPDATE|assist=NONE,0.000000000,False,False,True,PASS
A07,Aim,46,40,1,40,LMB,HELD,False,False,False,False,Drawing,Drawing,LATE_UPDATE,CANDIDATE,MOUSE_RAY,960.000000000,540.000000000,0.061681580,2.484718000,-5.922576000,0.615812300,-0.152566000,0.772980500,2.005274000,0.150000000,0.900000000,-4.000000000,0.350000000,0.800000000,0.000000000,0.150000000,1.399346000,-4.000000000,0.309017000,0.000000000,0.951056500,1.296554000,2.178782000,-4.372538000,1.296554000,2.178782000,-4.372538000,0.000000000,False,ReachInvalid,False,0,26,26,2.000000000,2.000000000,3.000000000,3.000000000,2.000000000,2.000000000,0.000000000,0.000000000,Du03AStrokeSession,reach=1.25|spacing=0.08|dedupe=0.02|min=0.20|ink=5.00,source=MOUSE_RAY|phase=LATE_UPDATE|assist=NONE,0.000000000,False,False,True,PASS
A07,Aim,47,41,1,41,LMB,HELD,False,False,False,False,Drawing,Drawing,LATE_UPDATE,CANDIDATE,MOUSE_RAY,960.000000000,540.000000000,0.061681580,2.484718000,-5.922576000,0.615812300,-0.152566000,0.772980500,2.005274000,0.150000000,0.900000000,-4.000000000,0.350000000,0.800000000,0.000000000,0.150000000,1.399346000,-4.000000000,0.309017000,0.000000000,0.951056500,1.296554000,2.178782000,-4.372538000,1.296554000,2.178782000,-4.372538000,0.000000000,False,ReachInvalid,False,0,26,26,2.000000000,2.000000000,3.000000000,3.000000000,2.000000000,2.000000000,0.000000000,0.000000000,Du03AStrokeSession,reach=1.25|spacing=0.08|dedupe=0.02|min=0.20|ink=5.00,source=MOUSE_RAY|phase=LATE_UPDATE|assist=NONE,0.000000000,False,False,True,PASS
A07,Aim,48,42,1,42,LMB,HELD,False,False,False,False,Drawing,Drawing,LATE_UPDATE,CANDIDATE,MOUSE_RAY,960.000000000,540.000000000,0.061681580,2.484718000,-5.922576000,0.615812300,-0.152566000,0.772980500,2.005274000,0.150000000,0.900000000,-4.000000000,0.350000000,0.800000000,0.000000000,0.150000000,1.399346000,-4.000000000,0.309017000,0.000000000,0.951056500,1.296554000,2.178782000,-4.372538000,1.296554000,2.178782000,-4.372538000,0.000000000,False,ReachInvalid,False,0,26,26,2.000000000,2.000000000,3.000000000,3.000000000,2.000000000,2.000000000,0.000000000,0.000000000,Du03AStrokeSession,reach=1.25|spacing=0.08|dedupe=0.02|min=0.20|ink=5.00,source=MOUSE_RAY|phase=LATE_UPDATE|assist=NONE,0.000000000,False,False,True,PASS
A07,Aim,49,43,1,43,LMB,HELD,False,False,False,False,Drawing,Drawing,LATE_UPDATE,CANDIDATE,MOUSE_RAY,960.000000000,540.000000000,0.061681580,2.484718000,-5.922576000,0.615812300,-0.152566000,0.772980500,2.005274000,0.150000000,0.900000000,-4.000000000,0.350000000,0.800000000,0.000000000,0.150000000,1.399346000,-4.000000000,0.309017000,0.000000000,0.951056500,1.296554000,2.178782000,-4.372538000,1.296554000,2.178782000,-4.372538000,0.000000000,False,ReachInvalid,False,0,26,26,2.000000000,2.000000000,3.000000000,3.000000000,2.000000000,2.000000000,0.000000000,0.000000000,Du03AStrokeSession,reach=1.25|spacing=0.08|dedupe=0.02|min=0.20|ink=5.00,source=MOUSE_RAY|phase=LATE_UPDATE|assist=NONE,0.000000000,False,False,True,PASS
A07,Aim,50,44,1,44,LMB,HELD,False,False,False,False,Drawing,Drawing,LATE_UPDATE,CANDIDATE,MOUSE_RAY,960.000000000,540.000000000,0.061681580,2.484718000,-5.922576000,0.615812300,-0.152566000,0.772980500,2.005274000,0.150000000,0.900000000,-4.000000000,0.350000000,0.800000000,0.000000000,0.150000000,1.399346000,-4.000000000,0.309017000,0.000000000,0.951056500,1.296554000,2.178782000,-4.372538000,1.296554000,2.178782000,-4.372538000,0.000000000,False,ReachInvalid,False,0,26,26,2.000000000,2.000000000,3.000000000,3.000000000,2.000000000,2.000000000,0.000000000,0.000000000,Du03AStrokeSession,reach=1.25|spacing=0.08|dedupe=0.02|min=0.20|ink=5.00,source=MOUSE_RAY|phase=LATE_UPDATE|assist=NONE,0.000000000,False,False,True,PASS
A07,Aim,51,45,1,45,LMB,HELD,False,False,False,False,Drawing,Drawing,LATE_UPDATE,CANDIDATE,MOUSE_RAY,960.000000000,540.000000000,0.061681580,2.484718000,-5.922576000,0.615812300,-0.152566000,0.772980500,2.005274000,0.150000000,0.900000000,-4.000000000,0.350000000,0.800000000,0.000000000,0.150000000,1.399346000,-4.000000000,0.309017000,0.000000000,0.951056500,1.296554000,2.178782000,-4.372538000,1.296554000,2.178782000,-4.372538000,0.000000000,False,ReachInvalid,False,0,26,26,2.000000000,2.000000000,3.000000000,3.000000000,2.000000000,2.000000000,0.000000000,0.000000000,Du03AStrokeSession,reach=1.25|spacing=0.08|dedupe=0.02|min=0.20|ink=5.00,source=MOUSE_RAY|phase=LATE_UPDATE|assist=NONE,0.000000000,False,False,True,PASS
A07,Aim,52,46,1,46,LMB,HELD,False,False,False,False,Drawing,Drawing,LATE_UPDATE,CANDIDATE,MOUSE_RAY,960.000000000,540.000000000,0.061681580,2.484718000,-5.922576000,0.615812300,-0.152566000,0.772980500,2.005274000,0.150000000,0.900000000,-4.000000000,0.350000000,0.800000000,0.000000000,0.150000000,1.399346000,-4.000000000,0.309017000,0.000000000,0.951056500,1.296554000,2.178782000,-4.372538000,1.296554000,2.178782000,-4.372538000,0.000000000,False,ReachInvalid,False,0,26,26,2.000000000,2.000000000,3.000000000,3.000000000,2.000000000,2.000000000,0.000000000,0.000000000,Du03AStrokeSession,reach=1.25|spacing=0.08|dedupe=0.02|min=0.20|ink=5.00,source=MOUSE_RAY|phase=LATE_UPDATE|assist=NONE,0.000000000,False,False,True,PASS
A07,Aim,53,47,1,47,LMB,HELD,False,False,False,False,Drawing,Drawing,LATE_UPDATE,CANDIDATE,MOUSE_RAY,960.000000000,540.000000000,0.061681580,2.484718000,-5.922576000,0.615812300,-0.152566000,0.772980500,2.005274000,0.150000000,0.900000000,-4.000000000,0.350000000,0.800000000,0.000000000,0.150000000,1.399346000,-4.000000000,0.309017000,0.000000000,0.951056500,1.296554000,2.178782000,-4.372538000,1.296554000,2.178782000,-4.372538000,0.000000000,False,ReachInvalid,False,0,26,26,2.000000000,2.000000000,3.000000000,3.000000000,2.000000000,2.000000000,0.000000000,0.000000000,Du03AStrokeSession,reach=1.25|spacing=0.08|dedupe=0.02|min=0.20|ink=5.00,source=MOUSE_RAY|phase=LATE_UPDATE|assist=NONE,0.000000000,False,False,True,PASS
A07,Aim,54,48,1,48,LMB,HELD,False,False,False,False,Drawing,Drawing,LATE_UPDATE,CANDIDATE,MOUSE_RAY,960.000000000,540.000000000,0.061681580,2.484718000,-5.922576000,0.615812300,-0.152566000,0.772980500,2.005274000,0.150000000,0.900000000,-4.000000000,0.350000000,0.800000000,0.000000000,0.150000000,1.399346000,-4.000000000,0.309017000,0.000000000,0.951056500,1.296554000,2.178782000,-4.372538000,1.296554000,2.178782000,-4.372538000,0.000000000,False,ReachInvalid,False,0,26,26,2.000000000,2.000000000,3.000000000,3.000000000,2.000000000,2.000000000,0.000000000,0.000000000,Du03AStrokeSession,reach=1.25|spacing=0.08|dedupe=0.02|min=0.20|ink=5.00,source=MOUSE_RAY|phase=LATE_UPDATE|assist=NONE,0.000000000,False,False,True,PASS
A07,Aim,55,49,1,49,LMB,HELD,False,False,False,False,Drawing,Drawing,LATE_UPDATE,CANDIDATE,MOUSE_RAY,960.000000000,540.000000000,0.061681580,2.484718000,-5.922576000,0.615812300,-0.152566000,0.772980500,2.005274000,0.150000000,0.900000000,-4.000000000,0.350000000,0.800000000,0.000000000,0.150000000,1.399346000,-4.000000000,0.309017000,0.000000000,0.951056500,1.296554000,2.178782000,-4.372538000,1.296554000,2.178782000,-4.372538000,0.000000000,False,ReachInvalid,False,0,26,26,2.000000000,2.000000000,3.000000000,3.000000000,2.000000000,2.000000000,0.000000000,0.000000000,Du03AStrokeSession,reach=1.25|spacing=0.08|dedupe=0.02|min=0.20|ink=5.00,source=MOUSE_RAY|phase=LATE_UPDATE|assist=NONE,0.000000000,False,False,True,PASS
A07,Aim,56,50,1,50,LMB,HELD,False,False,False,False,Drawing,Drawing,LATE_UPDATE,CANDIDATE,MOUSE_RAY,960.000000000,540.000000000,0.061681580,2.484718000,-5.922576000,0.615812300,-0.152566000,0.772980500,2.005274000,0.150000000,0.900000000,-4.000000000,0.350000000,0.800000000,0.000000000,0.150000000,1.399346000,-4.000000000,0.309017000,0.000000000,0.951056500,1.296554000,2.178782000,-4.372538000,1.296554000,2.178782000,-4.372538000,0.000000000,False,ReachInvalid,False,0,26,26,2.000000000,2.000000000,3.000000000,3.000000000,2.000000000,2.000000000,0.000000000,0.000000000,Du03AStrokeSession,reach=1.25|spacing=0.08|dedupe=0.02|min=0.20|ink=5.00,source=MOUSE_RAY|phase=LATE_UPDATE|assist=NONE,0.000000000,False,False,True,PASS
A07,Aim,57,51,1,51,LMB,HELD,False,False,False,False,Drawing,Drawing,LATE_UPDATE,CANDIDATE,MOUSE_RAY,960.000000000,540.000000000,0.061681580,2.484718000,-5.922576000,0.615812300,-0.152566000,0.772980500,2.005274000,0.150000000,0.900000000,-4.000000000,0.350000000,0.800000000,0.000000000,0.150000000,1.399346000,-4.000000000,0.309017000,0.000000000,0.951056500,1.296554000,2.178782000,-4.372538000,1.296554000,2.178782000,-4.372538000,0.000000000,False,ReachInvalid,False,0,26,26,2.000000000,2.000000000,3.000000000,3.000000000,2.000000000,2.000000000,0.000000000,0.000000000,Du03AStrokeSession,reach=1.25|spacing=0.08|dedupe=0.02|min=0.20|ink=5.00,source=MOUSE_RAY|phase=LATE_UPDATE|assist=NONE,0.000000000,False,False,True,PASS
A07,Aim,58,52,1,52,LMB,HELD,False,False,False,False,Drawing,Drawing,LATE_UPDATE,CANDIDATE,MOUSE_RAY,960.000000000,540.000000000,0.061681580,2.484718000,-5.922576000,0.615812300,-0.152566000,0.772980500,2.005274000,0.150000000,0.900000000,-4.000000000,0.350000000,0.800000000,0.000000000,0.150000000,1.399346000,-4.000000000,0.309017000,0.000000000,0.951056500,1.296554000,2.178782000,-4.372538000,1.296554000,2.178782000,-4.372538000,0.000000000,False,ReachInvalid,False,0,26,26,2.000000000,2.000000000,3.000000000,3.000000000,2.000000000,2.000000000,0.000000000,0.000000000,Du03AStrokeSession,reach=1.25|spacing=0.08|dedupe=0.02|min=0.20|ink=5.00,source=MOUSE_RAY|phase=LATE_UPDATE|assist=NONE,0.000000000,False,False,True,PASS
A07,Aim,59,53,1,53,LMB,HELD,False,False,False,False,Drawing,Drawing,LATE_UPDATE,CANDIDATE,MOUSE_RAY,960.000000000,540.000000000,0.061681580,2.484718000,-5.922576000,0.615812300,-0.152566000,0.772980500,2.005274000,0.150000000,0.900000000,-4.000000000,0.350000000,0.800000000,0.000000000,0.150000000,1.399346000,-4.000000000,0.309017000,0.000000000,0.951056500,1.296554000,2.178782000,-4.372538000,1.296554000,2.178782000,-4.372538000,0.000000000,False,ReachInvalid,False,0,26,26,2.000000000,2.000000000,3.000000000,3.000000000,2.000000000,2.000000000,0.000000000,0.000000000,Du03AStrokeSession,reach=1.25|spacing=0.08|dedupe=0.02|min=0.20|ink=5.00,source=MOUSE_RAY|phase=LATE_UPDATE|assist=NONE,0.000000000,False,False,True,PASS
A07,Aim,60,54,1,54,LMB,HELD,False,False,False,False,Drawing,Drawing,LATE_UPDATE,CANDIDATE,MOUSE_RAY,960.000000000,540.000000000,0.061681580,2.484718000,-5.922576000,0.615812300,-0.152566000,0.772980500,2.005274000,0.150000000,0.900000000,-4.000000000,0.350000000,0.800000000,0.000000000,0.150000000,1.399346000,-4.000000000,0.309017000,0.000000000,0.951056500,1.296554000,2.178782000,-4.372538000,1.296554000,2.178782000,-4.372538000,0.000000000,False,ReachInvalid,False,0,26,26,2.000000000,2.000000000,3.000000000,3.000000000,2.000000000,2.000000000,0.000000000,0.000000000,Du03AStrokeSession,reach=1.25|spacing=0.08|dedupe=0.02|min=0.20|ink=5.00,source=MOUSE_RAY|phase=LATE_UPDATE|assist=NONE,0.000000000,False,False,True,PASS
A07,Aim,61,55,1,55,LMB,HELD,False,False,False,False,Drawing,Drawing,LATE_UPDATE,CANDIDATE,MOUSE_RAY,960.000000000,540.000000000,0.061681580,2.484718000,-5.922576000,0.615812300,-0.152566000,0.772980500,2.005274000,0.150000000,0.900000000,-4.000000000,0.350000000,0.800000000,0.000000000,0.150000000,1.399346000,-4.000000000,0.309017000,0.000000000,0.951056500,1.296554000,2.178782000,-4.372538000,1.296554000,2.178782000,-4.372538000,0.000000000,False,ReachInvalid,False,0,26,26,2.000000000,2.000000000,3.000000000,3.000000000,2.000000000,2.000000000,0.000000000,0.000000000,Du03AStrokeSession,reach=1.25|spacing=0.08|dedupe=0.02|min=0.20|ink=5.00,source=MOUSE_RAY|phase=LATE_UPDATE|assist=NONE,0.000000000,False,False,True,PASS
A07,Aim,62,56,1,56,LMB,HELD,False,False,False,False,Drawing,Drawing,LATE_UPDATE,CANDIDATE,MOUSE_RAY,960.000000000,540.000000000,0.061681580,2.484718000,-5.922576000,0.615812300,-0.152566000,0.772980500,2.005274000,0.150000000,0.900000000,-4.000000000,0.350000000,0.800000000,0.000000000,0.150000000,1.399346000,-4.000000000,0.309017000,0.000000000,0.951056500,1.296554000,2.178782000,-4.372538000,1.296554000,2.178782000,-4.372538000,0.000000000,False,ReachInvalid,False,0,26,26,2.000000000,2.000000000,3.000000000,3.000000000,2.000000000,2.000000000,0.000000000,0.000000000,Du03AStrokeSession,reach=1.25|spacing=0.08|dedupe=0.02|min=0.20|ink=5.00,source=MOUSE_RAY|phase=LATE_UPDATE|assist=NONE,0.000000000,False,False,True,PASS
A07,Aim,63,57,1,57,LMB,HELD,False,False,False,False,Drawing,Drawing,LATE_UPDATE,CANDIDATE,MOUSE_RAY,960.000000000,540.000000000,0.061681580,2.484718000,-5.922576000,0.615812300,-0.152566000,0.772980500,2.005274000,0.150000000,0.900000000,-4.000000000,0.350000000,0.800000000,0.000000000,0.150000000,1.399346000,-4.000000000,0.309017000,0.000000000,0.951056500,1.296554000,2.178782000,-4.372538000,1.296554000,2.178782000,-4.372538000,0.000000000,False,ReachInvalid,False,0,26,26,2.000000000,2.000000000,3.000000000,3.000000000,2.000000000,2.000000000,0.000000000,0.000000000,Du03AStrokeSession,reach=1.25|spacing=0.08|dedupe=0.02|min=0.20|ink=5.00,source=MOUSE_RAY|phase=LATE_UPDATE|assist=NONE,0.000000000,False,False,True,PASS
A07,Aim,64,58,1,58,LMB,HELD,False,False,False,False,Drawing,Drawing,LATE_UPDATE,CANDIDATE,MOUSE_RAY,960.000000000,540.000000000,0.061681580,2.484718000,-5.922576000,0.615812300,-0.152566000,0.772980500,2.005274000,0.150000000,0.900000000,-4.000000000,0.350000000,0.800000000,0.000000000,0.150000000,1.399346000,-4.000000000,0.309017000,0.000000000,0.951056500,1.296554000,2.178782000,-4.372538000,1.296554000,2.178782000,-4.372538000,0.000000000,False,ReachInvalid,False,0,26,26,2.000000000,2.000000000,3.000000000,3.000000000,2.000000000,2.000000000,0.000000000,0.000000000,Du03AStrokeSession,reach=1.25|spacing=0.08|dedupe=0.02|min=0.20|ink=5.00,source=MOUSE_RAY|phase=LATE_UPDATE|assist=NONE,0.000000000,False,False,True,PASS
A07,Aim,65,59,1,59,LMB,HELD,False,False,False,False,Drawing,Drawing,LATE_UPDATE,CANDIDATE,MOUSE_RAY,960.000000000,540.000000000,0.061681580,2.484718000,-5.922576000,0.615812300,-0.152566000,0.772980500,2.005274000,0.150000000,0.900000000,-4.000000000,0.350000000,0.800000000,0.000000000,0.150000000,1.399346000,-4.000000000,0.309017000,0.000000000,0.951056500,1.296554000,2.178782000,-4.372538000,1.296554000,2.178782000,-4.372538000,0.000000000,False,ReachInvalid,False,0,26,26,2.000000000,2.000000000,3.000000000,3.000000000,2.000000000,2.000000000,0.000000000,0.000000000,Du03AStrokeSession,reach=1.25|spacing=0.08|dedupe=0.02|min=0.20|ink=5.00,source=MOUSE_RAY|phase=LATE_UPDATE|assist=NONE,0.000000000,False,False,True,PASS
A07,Aim,66,60,1,60,LMB,HELD,False,False,False,False,Drawing,Drawing,LATE_UPDATE,CANDIDATE,MOUSE_RAY,960.000000000,540.000000000,0.061681580,2.484718000,-5.922576000,0.615812300,-0.152566000,0.772980500,2.005274000,0.150000000,0.900000000,-4.000000000,0.350000000,0.800000000,0.000000000,0.150000000,1.399346000,-4.000000000,0.309017000,0.000000000,0.951056500,1.296554000,2.178782000,-4.372538000,1.296554000,2.178782000,-4.372538000,0.000000000,False,ReachInvalid,False,0,26,26,2.000000000,2.000000000,3.000000000,3.000000000,2.000000000,2.000000000,0.000000000,0.000000000,Du03AStrokeSession,reach=1.25|spacing=0.08|dedupe=0.02|min=0.20|ink=5.00,source=MOUSE_RAY|phase=LATE_UPDATE|assist=NONE,0.000000000,False,False,True,PASS
A07,Aim,67,61,1,61,LMB,HELD,False,False,False,False,Drawing,Drawing,LATE_UPDATE,CANDIDATE,MOUSE_RAY,960.000000000,540.000000000,0.061681580,2.484718000,-5.922576000,0.615812300,-0.152566000,0.772980500,2.005274000,0.150000000,0.900000000,-4.000000000,0.350000000,0.800000000,0.000000000,0.150000000,1.399346000,-4.000000000,0.309017000,0.000000000,0.951056500,1.296554000,2.178782000,-4.372538000,1.296554000,2.178782000,-4.372538000,0.000000000,False,ReachInvalid,False,0,26,26,2.000000000,2.000000000,3.000000000,3.000000000,2.000000000,2.000000000,0.000000000,0.000000000,Du03AStrokeSession,reach=1.25|spacing=0.08|dedupe=0.02|min=0.20|ink=5.00,source=MOUSE_RAY|phase=LATE_UPDATE|assist=NONE,0.000000000,False,False,True,PASS
A07,Aim,68,62,1,62,LMB,HELD,False,False,False,False,Drawing,Drawing,LATE_UPDATE,CANDIDATE,MOUSE_RAY,960.000000000,540.000000000,0.061681580,2.484718000,-5.922576000,0.615812300,-0.152566000,0.772980500,2.005274000,0.150000000,0.900000000,-4.000000000,0.350000000,0.800000000,0.000000000,0.150000000,1.399346000,-4.000000000,0.309017000,0.000000000,0.951056500,1.296554000,2.178782000,-4.372538000,1.296554000,2.178782000,-4.372538000,0.000000000,False,ReachInvalid,False,0,26,26,2.000000000,2.000000000,3.000000000,3.000000000,2.000000000,2.000000000,0.000000000,0.000000000,Du03AStrokeSession,reach=1.25|spacing=0.08|dedupe=0.02|min=0.20|ink=5.00,source=MOUSE_RAY|phase=LATE_UPDATE|assist=NONE,0.000000000,False,False,True,PASS
A07,Aim,69,63,1,63,LMB,HELD,False,False,False,False,Drawing,Drawing,LATE_UPDATE,CANDIDATE,MOUSE_RAY,960.000000000,540.000000000,0.061681580,2.484718000,-5.922576000,0.615812300,-0.152566000,0.772980500,2.005274000,0.150000000,0.900000000,-4.000000000,0.350000000,0.800000000,0.000000000,0.150000000,1.399346000,-4.000000000,0.309017000,0.000000000,0.951056500,1.296554000,2.178782000,-4.372538000,1.296554000,2.178782000,-4.372538000,0.000000000,False,ReachInvalid,False,0,26,26,2.000000000,2.000000000,3.000000000,3.000000000,2.000000000,2.000000000,0.000000000,0.000000000,Du03AStrokeSession,reach=1.25|spacing=0.08|dedupe=0.02|min=0.20|ink=5.00,source=MOUSE_RAY|phase=LATE_UPDATE|assist=NONE,0.000000000,False,False,True,PASS
A07,Aim,70,64,1,64,LMB,HELD,False,False,False,False,Drawing,Drawing,LATE_UPDATE,CANDIDATE,MOUSE_RAY,960.000000000,540.000000000,0.061681580,2.484718000,-5.922576000,0.615812300,-0.152566000,0.772980500,2.005274000,0.150000000,0.900000000,-4.000000000,0.350000000,0.800000000,0.000000000,0.150000000,1.399346000,-4.000000000,0.309017000,0.000000000,0.951056500,1.296554000,2.178782000,-4.372538000,1.296554000,2.178782000,-4.372538000,0.000000000,False,ReachInvalid,False,0,26,26,2.000000000,2.000000000,3.000000000,3.000000000,2.000000000,2.000000000,0.000000000,0.000000000,Du03AStrokeSession,reach=1.25|spacing=0.08|dedupe=0.02|min=0.20|ink=5.00,source=MOUSE_RAY|phase=LATE_UPDATE|assist=NONE,0.000000000,False,False,True,PASS
A07,Aim,71,65,1,65,LMB,HELD,False,False,False,False,Drawing,Drawing,LATE_UPDATE,CANDIDATE,MOUSE_RAY,960.000000000,540.000000000,0.061681580,2.484718000,-5.922576000,0.615812300,-0.152566000,0.772980500,2.005274000,0.150000000,0.900000000,-4.000000000,0.350000000,0.800000000,0.000000000,0.150000000,1.399346000,-4.000000000,0.309017000,0.000000000,0.951056500,1.296554000,2.178782000,-4.372538000,1.296554000,2.178782000,-4.372538000,0.000000000,False,ReachInvalid,False,0,26,26,2.000000000,2.000000000,3.000000000,3.000000000,2.000000000,2.000000000,0.000000000,0.000000000,Du03AStrokeSession,reach=1.25|spacing=0.08|dedupe=0.02|min=0.20|ink=5.00,source=MOUSE_RAY|phase=LATE_UPDATE|assist=NONE,0.000000000,False,False,True,PASS
A07,Aim,72,66,1,66,LMB,HELD,False,False,False,False,Drawing,Drawing,LATE_UPDATE,CANDIDATE,MOUSE_RAY,960.000000000,540.000000000,0.061681580,2.484718000,-5.922576000,0.615812300,-0.152566000,0.772980500,2.005274000,0.150000000,0.900000000,-4.000000000,0.350000000,0.800000000,0.000000000,0.150000000,1.399346000,-4.000000000,0.309017000,0.000000000,0.951056500,1.296554000,2.178782000,-4.372538000,1.296554000,2.178782000,-4.372538000,0.000000000,False,ReachInvalid,False,0,26,26,2.000000000,2.000000000,3.000000000,3.000000000,2.000000000,2.000000000,0.000000000,0.000000000,Du03AStrokeSession,reach=1.25|spacing=0.08|dedupe=0.02|min=0.20|ink=5.00,source=MOUSE_RAY|phase=LATE_UPDATE|assist=NONE,0.000000000,False,False,True,PASS
A07,Aim,73,67,1,67,LMB,HELD,False,False,False,False,Drawing,Drawing,LATE_UPDATE,CANDIDATE,MOUSE_RAY,960.000000000,540.000000000,0.061681580,2.484718000,-5.922576000,0.615812300,-0.152566000,0.772980500,2.005274000,0.150000000,0.900000000,-4.000000000,0.350000000,0.800000000,0.000000000,0.150000000,1.399346000,-4.000000000,0.309017000,0.000000000,0.951056500,1.296554000,2.178782000,-4.372538000,1.296554000,2.178782000,-4.372538000,0.000000000,False,ReachInvalid,False,0,26,26,2.000000000,2.000000000,3.000000000,3.000000000,2.000000000,2.000000000,0.000000000,0.000000000,Du03AStrokeSession,reach=1.25|spacing=0.08|dedupe=0.02|min=0.20|ink=5.00,source=MOUSE_RAY|phase=LATE_UPDATE|assist=NONE,0.000000000,False,False,True,PASS
A07,Aim,74,68,1,68,LMB,HELD,False,False,False,False,Drawing,Drawing,LATE_UPDATE,CANDIDATE,MOUSE_RAY,960.000000000,540.000000000,0.061681580,2.484718000,-5.922576000,0.615812300,-0.152566000,0.772980500,2.005274000,0.150000000,0.900000000,-4.000000000,0.350000000,0.800000000,0.000000000,0.150000000,1.399346000,-4.000000000,0.309017000,0.000000000,0.951056500,1.296554000,2.178782000,-4.372538000,1.296554000,2.178782000,-4.372538000,0.000000000,False,ReachInvalid,False,0,26,26,2.000000000,2.000000000,3.000000000,3.000000000,2.000000000,2.000000000,0.000000000,0.000000000,Du03AStrokeSession,reach=1.25|spacing=0.08|dedupe=0.02|min=0.20|ink=5.00,source=MOUSE_RAY|phase=LATE_UPDATE|assist=NONE,0.000000000,False,False,True,PASS
A07,Aim,75,69,1,69,LMB,HELD,False,False,False,False,Drawing,Drawing,LATE_UPDATE,CANDIDATE,MOUSE_RAY,960.000000000,540.000000000,0.061681580,2.484718000,-5.922576000,0.615812300,-0.152566000,0.772980500,2.005274000,0.150000000,0.900000000,-4.000000000,0.350000000,0.800000000,0.000000000,0.150000000,1.399346000,-4.000000000,0.309017000,0.000000000,0.951056500,1.296554000,2.178782000,-4.372538000,1.296554000,2.178782000,-4.372538000,0.000000000,False,ReachInvalid,False,0,26,26,2.000000000,2.000000000,3.000000000,3.000000000,2.000000000,2.000000000,0.000000000,0.000000000,Du03AStrokeSession,reach=1.25|spacing=0.08|dedupe=0.02|min=0.20|ink=5.00,source=MOUSE_RAY|phase=LATE_UPDATE|assist=NONE,0.000000000,False,False,True,PASS
A07,Aim,76,70,1,70,LMB,HELD,False,False,False,False,Drawing,Drawing,LATE_UPDATE,CANDIDATE,MOUSE_RAY,960.000000000,540.000000000,0.061681580,2.484718000,-5.922576000,0.615812300,-0.152566000,0.772980500,2.005274000,0.150000000,0.900000000,-4.000000000,0.350000000,0.800000000,0.000000000,0.150000000,1.399346000,-4.000000000,0.309017000,0.000000000,0.951056500,1.296554000,2.178782000,-4.372538000,1.296554000,2.178782000,-4.372538000,0.000000000,False,ReachInvalid,False,0,26,26,2.000000000,2.000000000,3.000000000,3.000000000,2.000000000,2.000000000,0.000000000,0.000000000,Du03AStrokeSession,reach=1.25|spacing=0.08|dedupe=0.02|min=0.20|ink=5.00,source=MOUSE_RAY|phase=LATE_UPDATE|assist=NONE,0.000000000,False,False,True,PASS
A07,Aim,77,71,1,71,LMB,HELD,False,False,False,False,Drawing,Drawing,LATE_UPDATE,CANDIDATE,MOUSE_RAY,960.000000000,540.000000000,0.061681580,2.484718000,-5.922576000,0.615812300,-0.152566000,0.772980500,2.005274000,0.150000000,0.900000000,-4.000000000,0.350000000,0.800000000,0.000000000,0.150000000,1.399346000,-4.000000000,0.309017000,0.000000000,0.951056500,1.296554000,2.178782000,-4.372538000,1.296554000,2.178782000,-4.372538000,0.000000000,False,ReachInvalid,False,0,26,26,2.000000000,2.000000000,3.000000000,3.000000000,2.000000000,2.000000000,0.000000000,0.000000000,Du03AStrokeSession,reach=1.25|spacing=0.08|dedupe=0.02|min=0.20|ink=5.00,source=MOUSE_RAY|phase=LATE_UPDATE|assist=NONE,0.000000000,False,False,True,PASS
A07,Aim,78,72,1,72,LMB,HELD,False,False,False,False,Drawing,Drawing,LATE_UPDATE,CANDIDATE,MOUSE_RAY,960.000000000,540.000000000,0.061681580,2.484718000,-5.922576000,0.615812300,-0.152566000,0.772980500,2.005274000,0.150000000,0.900000000,-4.000000000,0.350000000,0.800000000,0.000000000,0.150000000,1.399346000,-4.000000000,0.309017000,0.000000000,0.951056500,1.296554000,2.178782000,-4.372538000,1.296554000,2.178782000,-4.372538000,0.000000000,False,ReachInvalid,False,0,26,26,2.000000000,2.000000000,3.000000000,3.000000000,2.000000000,2.000000000,0.000000000,0.000000000,Du03AStrokeSession,reach=1.25|spacing=0.08|dedupe=0.02|min=0.20|ink=5.00,source=MOUSE_RAY|phase=LATE_UPDATE|assist=NONE,0.000000000,False,False,True,PASS
A07,Aim,79,73,1,73,LMB,HELD,False,False,False,False,Drawing,Drawing,LATE_UPDATE,CANDIDATE,MOUSE_RAY,960.000000000,540.000000000,0.061681580,2.484718000,-5.922576000,0.615812300,-0.152566000,0.772980500,2.005274000,0.150000000,0.900000000,-4.000000000,0.350000000,0.800000000,0.000000000,0.150000000,1.399346000,-4.000000000,0.309017000,0.000000000,0.951056500,1.296554000,2.178782000,-4.372538000,1.296554000,2.178782000,-4.372538000,0.000000000,False,ReachInvalid,False,0,26,26,2.000000000,2.000000000,3.000000000,3.000000000,2.000000000,2.000000000,0.000000000,0.000000000,Du03AStrokeSession,reach=1.25|spacing=0.08|dedupe=0.02|min=0.20|ink=5.00,source=MOUSE_RAY|phase=LATE_UPDATE|assist=NONE,0.000000000,False,False,True,PASS
A07,Aim,80,74,1,74,LMB,HELD,False,False,False,False,Drawing,Drawing,LATE_UPDATE,CANDIDATE,MOUSE_RAY,960.000000000,540.000000000,0.061681580,2.484718000,-5.922576000,0.615812300,-0.152566000,0.772980500,2.005274000,0.150000000,0.900000000,-4.000000000,0.350000000,0.800000000,0.000000000,0.150000000,1.399346000,-4.000000000,0.309017000,0.000000000,0.951056500,1.296554000,2.178782000,-4.372538000,1.296554000,2.178782000,-4.372538000,0.000000000,False,ReachInvalid,False,0,26,26,2.000000000,2.000000000,3.000000000,3.000000000,2.000000000,2.000000000,0.000000000,0.000000000,Du03AStrokeSession,reach=1.25|spacing=0.08|dedupe=0.02|min=0.20|ink=5.00,source=MOUSE_RAY|phase=LATE_UPDATE|assist=NONE,0.000000000,False,False,True,PASS
A07,Aim,81,75,1,75,LMB,HELD,False,False,False,False,Drawing,Drawing,LATE_UPDATE,CANDIDATE,MOUSE_RAY,960.000000000,540.000000000,0.061681580,2.484718000,-5.922576000,0.615812300,-0.152566000,0.772980500,2.005274000,0.150000000,0.900000000,-4.000000000,0.350000000,0.800000000,0.000000000,0.150000000,1.399346000,-4.000000000,0.309017000,0.000000000,0.951056500,1.296554000,2.178782000,-4.372538000,1.296554000,2.178782000,-4.372538000,0.000000000,False,ReachInvalid,False,0,26,26,2.000000000,2.000000000,3.000000000,3.000000000,2.000000000,2.000000000,0.000000000,0.000000000,Du03AStrokeSession,reach=1.25|spacing=0.08|dedupe=0.02|min=0.20|ink=5.00,source=MOUSE_RAY|phase=LATE_UPDATE|assist=NONE,0.000000000,False,False,True,PASS
A07,Aim,82,76,1,76,LMB,HELD,False,False,False,False,Drawing,Drawing,LATE_UPDATE,CANDIDATE,MOUSE_RAY,960.000000000,540.000000000,0.061681580,2.484718000,-5.922576000,0.615812300,-0.152566000,0.772980500,2.005274000,0.150000000,0.900000000,-4.000000000,0.350000000,0.800000000,0.000000000,0.150000000,1.399346000,-4.000000000,0.309017000,0.000000000,0.951056500,1.296554000,2.178782000,-4.372538000,1.296554000,2.178782000,-4.372538000,0.000000000,False,ReachInvalid,False,0,26,26,2.000000000,2.000000000,3.000000000,3.000000000,2.000000000,2.000000000,0.000000000,0.000000000,Du03AStrokeSession,reach=1.25|spacing=0.08|dedupe=0.02|min=0.20|ink=5.00,source=MOUSE_RAY|phase=LATE_UPDATE|assist=NONE,0.000000000,False,False,True,PASS
A07,Aim,83,77,1,77,LMB,HELD,False,False,False,False,Drawing,Drawing,LATE_UPDATE,CANDIDATE,MOUSE_RAY,960.000000000,540.000000000,0.061681580,2.484718000,-5.922576000,0.615812300,-0.152566000,0.772980500,2.005274000,0.150000000,0.900000000,-4.000000000,0.350000000,0.800000000,0.000000000,0.150000000,1.399346000,-4.000000000,0.309017000,0.000000000,0.951056500,1.296554000,2.178782000,-4.372538000,1.296554000,2.178782000,-4.372538000,0.000000000,False,ReachInvalid,False,0,26,26,2.000000000,2.000000000,3.000000000,3.000000000,2.000000000,2.000000000,0.000000000,0.000000000,Du03AStrokeSession,reach=1.25|spacing=0.08|dedupe=0.02|min=0.20|ink=5.00,source=MOUSE_RAY|phase=LATE_UPDATE|assist=NONE,0.000000000,False,False,True,PASS
A07,Aim,84,78,1,78,LMB,HELD,False,False,False,False,Drawing,Drawing,LATE_UPDATE,CANDIDATE,MOUSE_RAY,960.000000000,540.000000000,0.061681580,2.484718000,-5.922576000,0.615812300,-0.152566000,0.772980500,2.005274000,0.150000000,0.900000000,-4.000000000,0.350000000,0.800000000,0.000000000,0.150000000,1.399346000,-4.000000000,0.309017000,0.000000000,0.951056500,1.296554000,2.178782000,-4.372538000,1.296554000,2.178782000,-4.372538000,0.000000000,False,ReachInvalid,False,0,26,26,2.000000000,2.000000000,3.000000000,3.000000000,2.000000000,2.000000000,0.000000000,0.000000000,Du03AStrokeSession,reach=1.25|spacing=0.08|dedupe=0.02|min=0.20|ink=5.00,source=MOUSE_RAY|phase=LATE_UPDATE|assist=NONE,0.000000000,False,False,True,PASS
A07,Aim,85,79,1,79,LMB,HELD,False,False,False,False,Drawing,Drawing,LATE_UPDATE,CANDIDATE,MOUSE_RAY,960.000000000,540.000000000,0.061681580,2.484718000,-5.922576000,0.615812300,-0.152566000,0.772980500,2.005274000,0.150000000,0.900000000,-4.000000000,0.350000000,0.800000000,0.000000000,0.150000000,1.399346000,-4.000000000,0.309017000,0.000000000,0.951056500,1.296554000,2.178782000,-4.372538000,1.296554000,2.178782000,-4.372538000,0.000000000,False,ReachInvalid,False,0,26,26,2.000000000,2.000000000,3.000000000,3.000000000,2.000000000,2.000000000,0.000000000,0.000000000,Du03AStrokeSession,reach=1.25|spacing=0.08|dedupe=0.02|min=0.20|ink=5.00,source=MOUSE_RAY|phase=LATE_UPDATE|assist=NONE,0.000000000,False,False,True,PASS
A07,Aim,86,80,1,80,LMB,HELD,False,False,False,False,Drawing,Drawing,LATE_UPDATE,CANDIDATE,MOUSE_RAY,960.000000000,540.000000000,0.061681580,2.484718000,-5.922576000,0.615812300,-0.152566000,0.772980500,2.005274000,0.150000000,0.900000000,-4.000000000,0.350000000,0.800000000,0.000000000,0.150000000,1.399346000,-4.000000000,0.309017000,0.000000000,0.951056500,1.296554000,2.178782000,-4.372538000,1.296554000,2.178782000,-4.372538000,0.000000000,False,ReachInvalid,False,0,26,26,2.000000000,2.000000000,3.000000000,3.000000000,2.000000000,2.000000000,0.000000000,0.000000000,Du03AStrokeSession,reach=1.25|spacing=0.08|dedupe=0.02|min=0.20|ink=5.00,source=MOUSE_RAY|phase=LATE_UPDATE|assist=NONE,0.000000000,False,False,True,PASS
A07,Aim,87,81,1,81,LMB,HELD,False,False,False,False,Drawing,Drawing,LATE_UPDATE,CANDIDATE,MOUSE_RAY,960.000000000,540.000000000,0.061681580,2.484718000,-5.922576000,0.615812300,-0.152566000,0.772980500,2.005274000,0.150000000,0.900000000,-4.000000000,0.350000000,0.800000000,0.000000000,0.150000000,1.399346000,-4.000000000,0.309017000,0.000000000,0.951056500,1.296554000,2.178782000,-4.372538000,1.296554000,2.178782000,-4.372538000,0.000000000,False,ReachInvalid,False,0,26,26,2.000000000,2.000000000,3.000000000,3.000000000,2.000000000,2.000000000,0.000000000,0.000000000,Du03AStrokeSession,reach=1.25|spacing=0.08|dedupe=0.02|min=0.20|ink=5.00,source=MOUSE_RAY|phase=LATE_UPDATE|assist=NONE,0.000000000,False,False,True,PASS
A07,Aim,88,82,1,82,LMB,HELD,False,False,False,False,Drawing,Drawing,LATE_UPDATE,CANDIDATE,MOUSE_RAY,960.000000000,540.000000000,0.061681580,2.484718000,-5.922576000,0.615812300,-0.152566000,0.772980500,2.005274000,0.150000000,0.900000000,-4.000000000,0.350000000,0.800000000,0.000000000,0.150000000,1.399346000,-4.000000000,0.309017000,0.000000000,0.951056500,1.296554000,2.178782000,-4.372538000,1.296554000,2.178782000,-4.372538000,0.000000000,False,ReachInvalid,False,0,26,26,2.000000000,2.000000000,3.000000000,3.000000000,2.000000000,2.000000000,0.000000000,0.000000000,Du03AStrokeSession,reach=1.25|spacing=0.08|dedupe=0.02|min=0.20|ink=5.00,source=MOUSE_RAY|phase=LATE_UPDATE|assist=NONE,0.000000000,False,False,True,PASS
A07,Aim,89,83,1,83,LMB,HELD,False,False,False,False,Drawing,Drawing,LATE_UPDATE,CANDIDATE,MOUSE_RAY,960.000000000,540.000000000,0.061681580,2.484718000,-5.922576000,0.615812300,-0.152566000,0.772980500,2.005274000,0.150000000,0.900000000,-4.000000000,0.350000000,0.800000000,0.000000000,0.150000000,1.399346000,-4.000000000,0.309017000,0.000000000,0.951056500,1.296554000,2.178782000,-4.372538000,1.296554000,2.178782000,-4.372538000,0.000000000,False,ReachInvalid,False,0,26,26,2.000000000,2.000000000,3.000000000,3.000000000,2.000000000,2.000000000,0.000000000,0.000000000,Du03AStrokeSession,reach=1.25|spacing=0.08|dedupe=0.02|min=0.20|ink=5.00,source=MOUSE_RAY|phase=LATE_UPDATE|assist=NONE,0.000000000,False,False,True,PASS
A07,Aim,90,84,1,84,LMB,HELD,False,False,False,False,Drawing,Drawing,LATE_UPDATE,CANDIDATE,MOUSE_RAY,960.000000000,540.000000000,0.061681580,2.484718000,-5.922576000,0.615812300,-0.152566000,0.772980500,2.005274000,0.150000000,0.900000000,-4.000000000,0.350000000,0.800000000,0.000000000,0.150000000,1.399346000,-4.000000000,0.309017000,0.000000000,0.951056500,1.296554000,2.178782000,-4.372538000,1.296554000,2.178782000,-4.372538000,0.000000000,False,ReachInvalid,False,0,26,26,2.000000000,2.000000000,3.000000000,3.000000000,2.000000000,2.000000000,0.000000000,0.000000000,Du03AStrokeSession,reach=1.25|spacing=0.08|dedupe=0.02|min=0.20|ink=5.00,source=MOUSE_RAY|phase=LATE_UPDATE|assist=NONE,0.000000000,False,False,True,PASS
A07,Aim,91,85,1,85,LMB,HELD,False,False,False,False,Drawing,Drawing,LATE_UPDATE,CANDIDATE,MOUSE_RAY,960.000000000,540.000000000,0.061681580,2.484718000,-5.922576000,0.615812300,-0.152566000,0.772980500,2.005274000,0.150000000,0.900000000,-4.000000000,0.350000000,0.800000000,0.000000000,0.150000000,1.399346000,-4.000000000,0.309017000,0.000000000,0.951056500,1.296554000,2.178782000,-4.372538000,1.296554000,2.178782000,-4.372538000,0.000000000,False,ReachInvalid,False,0,26,26,2.000000000,2.000000000,3.000000000,3.000000000,2.000000000,2.000000000,0.000000000,0.000000000,Du03AStrokeSession,reach=1.25|spacing=0.08|dedupe=0.02|min=0.20|ink=5.00,source=MOUSE_RAY|phase=LATE_UPDATE|assist=NONE,0.000000000,False,False,True,PASS
A07,Aim,92,86,1,86,LMB,HELD,False,False,False,False,Drawing,Drawing,LATE_UPDATE,CANDIDATE,MOUSE_RAY,960.000000000,540.000000000,0.061681580,2.484718000,-5.922576000,0.615812300,-0.152566000,0.772980500,2.005274000,0.150000000,0.900000000,-4.000000000,0.350000000,0.800000000,0.000000000,0.150000000,1.399346000,-4.000000000,0.309017000,0.000000000,0.951056500,1.296554000,2.178782000,-4.372538000,1.296554000,2.178782000,-4.372538000,0.000000000,False,ReachInvalid,False,0,26,26,2.000000000,2.000000000,3.000000000,3.000000000,2.000000000,2.000000000,0.000000000,0.000000000,Du03AStrokeSession,reach=1.25|spacing=0.08|dedupe=0.02|min=0.20|ink=5.00,source=MOUSE_RAY|phase=LATE_UPDATE|assist=NONE,0.000000000,False,False,True,PASS
A07,Aim,93,87,1,87,LMB,HELD,False,False,False,False,Drawing,Drawing,LATE_UPDATE,CANDIDATE,MOUSE_RAY,960.000000000,540.000000000,0.061681580,2.484718000,-5.922576000,0.615812300,-0.152566000,0.772980500,2.005274000,0.150000000,0.900000000,-4.000000000,0.350000000,0.800000000,0.000000000,0.150000000,1.399346000,-4.000000000,0.309017000,0.000000000,0.951056500,1.296554000,2.178782000,-4.372538000,1.296554000,2.178782000,-4.372538000,0.000000000,False,ReachInvalid,False,0,26,26,2.000000000,2.000000000,3.000000000,3.000000000,2.000000000,2.000000000,0.000000000,0.000000000,Du03AStrokeSession,reach=1.25|spacing=0.08|dedupe=0.02|min=0.20|ink=5.00,source=MOUSE_RAY|phase=LATE_UPDATE|assist=NONE,0.000000000,False,False,True,PASS
A07,Aim,94,88,1,88,LMB,HELD,False,False,False,False,Drawing,Drawing,LATE_UPDATE,CANDIDATE,MOUSE_RAY,960.000000000,540.000000000,0.061681580,2.484718000,-5.922576000,0.615812300,-0.152566000,0.772980500,2.005274000,0.150000000,0.900000000,-4.000000000,0.350000000,0.800000000,0.000000000,0.150000000,1.399346000,-4.000000000,0.309017000,0.000000000,0.951056500,1.296554000,2.178782000,-4.372538000,1.296554000,2.178782000,-4.372538000,0.000000000,False,ReachInvalid,False,0,26,26,2.000000000,2.000000000,3.000000000,3.000000000,2.000000000,2.000000000,0.000000000,0.000000000,Du03AStrokeSession,reach=1.25|spacing=0.08|dedupe=0.02|min=0.20|ink=5.00,source=MOUSE_RAY|phase=LATE_UPDATE|assist=NONE,0.000000000,False,False,True,PASS
A07,Aim,95,89,1,89,LMB,HELD,False,False,False,False,Drawing,Drawing,LATE_UPDATE,CANDIDATE,MOUSE_RAY,960.000000000,540.000000000,0.061681580,2.484718000,-5.922576000,0.615812300,-0.152566000,0.772980500,2.005274000,0.150000000,0.900000000,-4.000000000,0.350000000,0.800000000,0.000000000,0.150000000,1.399346000,-4.000000000,0.309017000,0.000000000,0.951056500,1.296554000,2.178782000,-4.372538000,1.296554000,2.178782000,-4.372538000,0.000000000,False,ReachInvalid,False,0,26,26,2.000000000,2.000000000,3.000000000,3.000000000,2.000000000,2.000000000,0.000000000,0.000000000,Du03AStrokeSession,reach=1.25|spacing=0.08|dedupe=0.02|min=0.20|ink=5.00,source=MOUSE_RAY|phase=LATE_UPDATE|assist=NONE,0.000000000,False,False,True,PASS
A07,Aim,96,90,1,90,LMB,HELD,False,False,False,False,Drawing,Drawing,LATE_UPDATE,CANDIDATE,MOUSE_RAY,960.000000000,540.000000000,0.061681580,2.484718000,-5.922576000,0.615812300,-0.152566000,0.772980500,2.005274000,0.150000000,0.900000000,-4.000000000,0.350000000,0.800000000,0.000000000,0.150000000,1.399346000,-4.000000000,0.309017000,0.000000000,0.951056500,1.296554000,2.178782000,-4.372538000,1.296554000,2.178782000,-4.372538000,0.000000000,False,ReachInvalid,False,0,26,26,2.000000000,2.000000000,3.000000000,3.000000000,2.000000000,2.000000000,0.000000000,0.000000000,Du03AStrokeSession,reach=1.25|spacing=0.08|dedupe=0.02|min=0.20|ink=5.00,source=MOUSE_RAY|phase=LATE_UPDATE|assist=NONE,0.000000000,False,False,True,PASS
A07,Aim,97,91,1,91,LMB,HELD,False,False,False,False,Drawing,Drawing,LATE_UPDATE,CANDIDATE,MOUSE_RAY,960.000000000,540.000000000,0.061681580,2.484718000,-5.922576000,0.615812300,-0.152566000,0.772980500,2.005274000,0.150000000,0.900000000,-4.000000000,0.350000000,0.800000000,0.000000000,0.150000000,1.399346000,-4.000000000,0.309017000,0.000000000,0.951056500,1.296554000,2.178782000,-4.372538000,1.296554000,2.178782000,-4.372538000,0.000000000,False,ReachInvalid,False,0,26,26,2.000000000,2.000000000,3.000000000,3.000000000,2.000000000,2.000000000,0.000000000,0.000000000,Du03AStrokeSession,reach=1.25|spacing=0.08|dedupe=0.02|min=0.20|ink=5.00,source=MOUSE_RAY|phase=LATE_UPDATE|assist=NONE,0.000000000,False,False,True,PASS
A07,Aim,98,92,1,92,LMB,HELD,False,False,False,False,Drawing,Drawing,LATE_UPDATE,CANDIDATE,MOUSE_RAY,960.000000000,540.000000000,0.061681580,2.484718000,-5.922576000,0.615812300,-0.152566000,0.772980500,2.005274000,0.150000000,0.900000000,-4.000000000,0.350000000,0.800000000,0.000000000,0.150000000,1.399346000,-4.000000000,0.309017000,0.000000000,0.951056500,1.296554000,2.178782000,-4.372538000,1.296554000,2.178782000,-4.372538000,0.000000000,False,ReachInvalid,False,0,26,26,2.000000000,2.000000000,3.000000000,3.000000000,2.000000000,2.000000000,0.000000000,0.000000000,Du03AStrokeSession,reach=1.25|spacing=0.08|dedupe=0.02|min=0.20|ink=5.00,source=MOUSE_RAY|phase=LATE_UPDATE|assist=NONE,0.000000000,False,False,True,PASS
A07,Aim,99,93,1,93,LMB,HELD,False,False,False,False,Drawing,Drawing,LATE_UPDATE,CANDIDATE,MOUSE_RAY,960.000000000,540.000000000,0.061681580,2.484718000,-5.922576000,0.615812300,-0.152566000,0.772980500,2.005274000,0.150000000,0.900000000,-4.000000000,0.350000000,0.800000000,0.000000000,0.150000000,1.399346000,-4.000000000,0.309017000,0.000000000,0.951056500,1.296554000,2.178782000,-4.372538000,1.296554000,2.178782000,-4.372538000,0.000000000,False,ReachInvalid,False,0,26,26,2.000000000,2.000000000,3.000000000,3.000000000,2.000000000,2.000000000,0.000000000,0.000000000,Du03AStrokeSession,reach=1.25|spacing=0.08|dedupe=0.02|min=0.20|ink=5.00,source=MOUSE_RAY|phase=LATE_UPDATE|assist=NONE,0.000000000,False,False,True,PASS
A07,Aim,100,94,1,94,LMB,HELD,False,False,False,False,Drawing,Drawing,LATE_UPDATE,CANDIDATE,MOUSE_RAY,960.000000000,540.000000000,0.061681580,2.484718000,-5.922576000,0.615812300,-0.152566000,0.772980500,2.005274000,0.150000000,0.900000000,-4.000000000,0.350000000,0.800000000,0.000000000,0.150000000,1.399346000,-4.000000000,0.309017000,0.000000000,0.951056500,1.296554000,2.178782000,-4.372538000,1.296554000,2.178782000,-4.372538000,0.000000000,False,ReachInvalid,False,0,26,26,2.000000000,2.000000000,3.000000000,3.000000000,2.000000000,2.000000000,0.000000000,0.000000000,Du03AStrokeSession,reach=1.25|spacing=0.08|dedupe=0.02|min=0.20|ink=5.00,source=MOUSE_RAY|phase=LATE_UPDATE|assist=NONE,0.000000000,False,False,True,PASS
A07,Aim,101,95,1,95,LMB,HELD,False,False,False,False,Drawing,Drawing,LATE_UPDATE,CANDIDATE,MOUSE_RAY,960.000000000,540.000000000,0.061681580,2.484718000,-5.922576000,0.615812300,-0.152566000,0.772980500,2.005274000,0.150000000,0.900000000,-4.000000000,0.350000000,0.800000000,0.000000000,0.150000000,1.399346000,-4.000000000,0.309017000,0.000000000,0.951056500,1.296554000,2.178782000,-4.372538000,1.296554000,2.178782000,-4.372538000,0.000000000,False,ReachInvalid,False,0,26,26,2.000000000,2.000000000,3.000000000,3.000000000,2.000000000,2.000000000,0.000000000,0.000000000,Du03AStrokeSession,reach=1.25|spacing=0.08|dedupe=0.02|min=0.20|ink=5.00,source=MOUSE_RAY|phase=LATE_UPDATE|assist=NONE,0.000000000,False,False,True,PASS
A07,Aim,102,96,1,96,LMB,HELD,False,False,False,False,Drawing,Drawing,LATE_UPDATE,CANDIDATE,MOUSE_RAY,960.000000000,540.000000000,0.061681580,2.484718000,-5.922576000,0.615812300,-0.152566000,0.772980500,2.005274000,0.150000000,0.900000000,-4.000000000,0.350000000,0.800000000,0.000000000,0.150000000,1.399346000,-4.000000000,0.309017000,0.000000000,0.951056500,1.296554000,2.178782000,-4.372538000,1.296554000,2.178782000,-4.372538000,0.000000000,False,ReachInvalid,False,0,26,26,2.000000000,2.000000000,3.000000000,3.000000000,2.000000000,2.000000000,0.000000000,0.000000000,Du03AStrokeSession,reach=1.25|spacing=0.08|dedupe=0.02|min=0.20|ink=5.00,source=MOUSE_RAY|phase=LATE_UPDATE|assist=NONE,0.000000000,False,False,True,PASS
A07,Aim,103,97,1,97,LMB,HELD,False,False,False,False,Drawing,Drawing,LATE_UPDATE,CANDIDATE,MOUSE_RAY,960.000000000,540.000000000,0.061681580,2.484718000,-5.922576000,0.615812300,-0.152566000,0.772980500,2.005274000,0.150000000,0.900000000,-4.000000000,0.350000000,0.800000000,0.000000000,0.150000000,1.399346000,-4.000000000,0.309017000,0.000000000,0.951056500,1.296554000,2.178782000,-4.372538000,1.296554000,2.178782000,-4.372538000,0.000000000,False,ReachInvalid,False,0,26,26,2.000000000,2.000000000,3.000000000,3.000000000,2.000000000,2.000000000,0.000000000,0.000000000,Du03AStrokeSession,reach=1.25|spacing=0.08|dedupe=0.02|min=0.20|ink=5.00,source=MOUSE_RAY|phase=LATE_UPDATE|assist=NONE,0.000000000,False,False,True,PASS
A07,Aim,104,98,1,98,LMB,HELD,False,False,False,False,Drawing,Drawing,LATE_UPDATE,CANDIDATE,MOUSE_RAY,960.000000000,540.000000000,0.061681580,2.484718000,-5.922576000,0.615812300,-0.152566000,0.772980500,2.005274000,0.150000000,0.900000000,-4.000000000,0.350000000,0.800000000,0.000000000,0.150000000,1.399346000,-4.000000000,0.309017000,0.000000000,0.951056500,1.296554000,2.178782000,-4.372538000,1.296554000,2.178782000,-4.372538000,0.000000000,False,ReachInvalid,False,0,26,26,2.000000000,2.000000000,3.000000000,3.000000000,2.000000000,2.000000000,0.000000000,0.000000000,Du03AStrokeSession,reach=1.25|spacing=0.08|dedupe=0.02|min=0.20|ink=5.00,source=MOUSE_RAY|phase=LATE_UPDATE|assist=NONE,0.000000000,False,False,True,PASS
A07,Aim,105,99,1,99,LMB,HELD,False,False,False,False,Drawing,Drawing,LATE_UPDATE,CANDIDATE,MOUSE_RAY,960.000000000,540.000000000,0.061681580,2.484718000,-5.922576000,0.615812300,-0.152566000,0.772980500,2.005274000,0.150000000,0.900000000,-4.000000000,0.350000000,0.800000000,0.000000000,0.150000000,1.399346000,-4.000000000,0.309017000,0.000000000,0.951056500,1.296554000,2.178782000,-4.372538000,1.296554000,2.178782000,-4.372538000,0.000000000,False,ReachInvalid,False,0,26,26,2.000000000,2.000000000,3.000000000,3.000000000,2.000000000,2.000000000,0.000000000,0.000000000,Du03AStrokeSession,reach=1.25|spacing=0.08|dedupe=0.02|min=0.20|ink=5.00,source=MOUSE_RAY|phase=LATE_UPDATE|assist=NONE,0.000000000,False,False,True,PASS
A07,Aim,106,100,1,100,LMB,HELD,False,False,False,False,Drawing,Drawing,LATE_UPDATE,CANDIDATE,MOUSE_RAY,960.000000000,540.000000000,0.061681580,2.484718000,-5.922576000,0.615812300,-0.152566000,0.772980500,2.005274000,0.150000000,0.900000000,-4.000000000,0.350000000,0.800000000,0.000000000,0.150000000,1.399346000,-4.000000000,0.309017000,0.000000000,0.951056500,1.296554000,2.178782000,-4.372538000,1.296554000,2.178782000,-4.372538000,0.000000000,False,ReachInvalid,False,0,26,26,2.000000000,2.000000000,3.000000000,3.000000000,2.000000000,2.000000000,0.000000000,0.000000000,Du03AStrokeSession,reach=1.25|spacing=0.08|dedupe=0.02|min=0.20|ink=5.00,source=MOUSE_RAY|phase=LATE_UPDATE|assist=NONE,0.000000000,False,False,True,PASS
A07,Aim,107,101,1,101,LMB,HELD,False,False,False,False,Drawing,Drawing,LATE_UPDATE,CANDIDATE,MOUSE_RAY,960.000000000,540.000000000,0.061681580,2.484718000,-5.922576000,0.615812300,-0.152566000,0.772980500,2.005274000,0.150000000,0.900000000,-4.000000000,0.350000000,0.800000000,0.000000000,0.150000000,1.399346000,-4.000000000,0.309017000,0.000000000,0.951056500,1.296554000,2.178782000,-4.372538000,1.296554000,2.178782000,-4.372538000,0.000000000,False,ReachInvalid,False,0,26,26,2.000000000,2.000000000,3.000000000,3.000000000,2.000000000,2.000000000,0.000000000,0.000000000,Du03AStrokeSession,reach=1.25|spacing=0.08|dedupe=0.02|min=0.20|ink=5.00,source=MOUSE_RAY|phase=LATE_UPDATE|assist=NONE,0.000000000,False,False,True,PASS
A07,Aim,108,102,1,102,LMB,HELD,False,False,False,False,Drawing,Drawing,LATE_UPDATE,CANDIDATE,MOUSE_RAY,960.000000000,540.000000000,0.061681580,2.484718000,-5.922576000,0.615812300,-0.152566000,0.772980500,2.005274000,0.150000000,0.900000000,-4.000000000,0.350000000,0.800000000,0.000000000,0.150000000,1.399346000,-4.000000000,0.309017000,0.000000000,0.951056500,1.296554000,2.178782000,-4.372538000,1.296554000,2.178782000,-4.372538000,0.000000000,False,ReachInvalid,False,0,26,26,2.000000000,2.000000000,3.000000000,3.000000000,2.000000000,2.000000000,0.000000000,0.000000000,Du03AStrokeSession,reach=1.25|spacing=0.08|dedupe=0.02|min=0.20|ink=5.00,source=MOUSE_RAY|phase=LATE_UPDATE|assist=NONE,0.000000000,False,False,True,PASS
A07,Aim,109,103,1,103,LMB,HELD,False,False,False,False,Drawing,Drawing,LATE_UPDATE,CANDIDATE,MOUSE_RAY,960.000000000,540.000000000,0.061681580,2.484718000,-5.922576000,0.615812300,-0.152566000,0.772980500,2.005274000,0.150000000,0.900000000,-4.000000000,0.350000000,0.800000000,0.000000000,0.150000000,1.399346000,-4.000000000,0.309017000,0.000000000,0.951056500,1.296554000,2.178782000,-4.372538000,1.296554000,2.178782000,-4.372538000,0.000000000,False,ReachInvalid,False,0,26,26,2.000000000,2.000000000,3.000000000,3.000000000,2.000000000,2.000000000,0.000000000,0.000000000,Du03AStrokeSession,reach=1.25|spacing=0.08|dedupe=0.02|min=0.20|ink=5.00,source=MOUSE_RAY|phase=LATE_UPDATE|assist=NONE,0.000000000,False,False,True,PASS
A07,Aim,110,104,1,104,LMB,HELD,False,False,False,False,Drawing,Drawing,LATE_UPDATE,CANDIDATE,MOUSE_RAY,960.000000000,540.000000000,0.061681580,2.484718000,-5.922576000,0.615812300,-0.152566000,0.772980500,2.005274000,0.150000000,0.900000000,-4.000000000,0.350000000,0.800000000,0.000000000,0.150000000,1.399346000,-4.000000000,0.309017000,0.000000000,0.951056500,1.296554000,2.178782000,-4.372538000,1.296554000,2.178782000,-4.372538000,0.000000000,False,ReachInvalid,False,0,26,26,2.000000000,2.000000000,3.000000000,3.000000000,2.000000000,2.000000000,0.000000000,0.000000000,Du03AStrokeSession,reach=1.25|spacing=0.08|dedupe=0.02|min=0.20|ink=5.00,source=MOUSE_RAY|phase=LATE_UPDATE|assist=NONE,0.000000000,False,False,True,PASS
A07,Aim,111,105,1,105,LMB,HELD,False,False,False,False,Drawing,Drawing,LATE_UPDATE,CANDIDATE,MOUSE_RAY,960.000000000,540.000000000,0.061681580,2.484718000,-5.922576000,0.615812300,-0.152566000,0.772980500,2.005274000,0.150000000,0.900000000,-4.000000000,0.350000000,0.800000000,0.000000000,0.150000000,1.399346000,-4.000000000,0.309017000,0.000000000,0.951056500,1.296554000,2.178782000,-4.372538000,1.296554000,2.178782000,-4.372538000,0.000000000,False,ReachInvalid,False,0,26,26,2.000000000,2.000000000,3.000000000,3.000000000,2.000000000,2.000000000,0.000000000,0.000000000,Du03AStrokeSession,reach=1.25|spacing=0.08|dedupe=0.02|min=0.20|ink=5.00,source=MOUSE_RAY|phase=LATE_UPDATE|assist=NONE,0.000000000,False,False,True,PASS
A07,Aim,112,106,1,106,LMB,HELD,False,False,False,False,Drawing,Drawing,LATE_UPDATE,CANDIDATE,MOUSE_RAY,960.000000000,540.000000000,0.061681580,2.484718000,-5.922576000,0.615812300,-0.152566000,0.772980500,2.005274000,0.150000000,0.900000000,-4.000000000,0.350000000,0.800000000,0.000000000,0.150000000,1.399346000,-4.000000000,0.309017000,0.000000000,0.951056500,1.296554000,2.178782000,-4.372538000,1.296554000,2.178782000,-4.372538000,0.000000000,False,ReachInvalid,False,0,26,26,2.000000000,2.000000000,3.000000000,3.000000000,2.000000000,2.000000000,0.000000000,0.000000000,Du03AStrokeSession,reach=1.25|spacing=0.08|dedupe=0.02|min=0.20|ink=5.00,source=MOUSE_RAY|phase=LATE_UPDATE|assist=NONE,0.000000000,False,False,True,PASS
A07,Aim,113,107,1,107,LMB,HELD,False,False,False,False,Drawing,Drawing,LATE_UPDATE,CANDIDATE,MOUSE_RAY,960.000000000,540.000000000,0.061681580,2.484718000,-5.922576000,0.615812300,-0.152566000,0.772980500,2.005274000,0.150000000,0.900000000,-4.000000000,0.350000000,0.800000000,0.000000000,0.150000000,1.399346000,-4.000000000,0.309017000,0.000000000,0.951056500,1.296554000,2.178782000,-4.372538000,1.296554000,2.178782000,-4.372538000,0.000000000,False,ReachInvalid,False,0,26,26,2.000000000,2.000000000,3.000000000,3.000000000,2.000000000,2.000000000,0.000000000,0.000000000,Du03AStrokeSession,reach=1.25|spacing=0.08|dedupe=0.02|min=0.20|ink=5.00,source=MOUSE_RAY|phase=LATE_UPDATE|assist=NONE,0.000000000,False,False,True,PASS
A07,Aim,114,108,1,108,LMB,HELD,False,False,False,False,Drawing,Drawing,LATE_UPDATE,CANDIDATE,MOUSE_RAY,960.000000000,540.000000000,0.061681580,2.484718000,-5.922576000,0.615812300,-0.152566000,0.772980500,2.005274000,0.150000000,0.900000000,-4.000000000,0.350000000,0.800000000,0.000000000,0.150000000,1.399346000,-4.000000000,0.309017000,0.000000000,0.951056500,1.296554000,2.178782000,-4.372538000,1.296554000,2.178782000,-4.372538000,0.000000000,False,ReachInvalid,False,0,26,26,2.000000000,2.000000000,3.000000000,3.000000000,2.000000000,2.000000000,0.000000000,0.000000000,Du03AStrokeSession,reach=1.25|spacing=0.08|dedupe=0.02|min=0.20|ink=5.00,source=MOUSE_RAY|phase=LATE_UPDATE|assist=NONE,0.000000000,False,False,True,PASS
A07,Aim,115,109,1,109,LMB,HELD,False,False,False,False,Drawing,Drawing,LATE_UPDATE,CANDIDATE,MOUSE_RAY,960.000000000,540.000000000,0.061681580,2.484718000,-5.922576000,0.615812300,-0.152566000,0.772980500,2.005274000,0.150000000,0.900000000,-4.000000000,0.350000000,0.800000000,0.000000000,0.150000000,1.399346000,-4.000000000,0.309017000,0.000000000,0.951056500,1.296554000,2.178782000,-4.372538000,1.296554000,2.178782000,-4.372538000,0.000000000,False,ReachInvalid,False,0,26,26,2.000000000,2.000000000,3.000000000,3.000000000,2.000000000,2.000000000,0.000000000,0.000000000,Du03AStrokeSession,reach=1.25|spacing=0.08|dedupe=0.02|min=0.20|ink=5.00,source=MOUSE_RAY|phase=LATE_UPDATE|assist=NONE,0.000000000,False,False,True,PASS
A07,Aim,116,110,1,110,LMB,HELD,False,False,False,False,Drawing,Drawing,LATE_UPDATE,CANDIDATE,MOUSE_RAY,960.000000000,540.000000000,0.061681580,2.484718000,-5.922576000,0.615812300,-0.152566000,0.772980500,2.005274000,0.150000000,0.900000000,-4.000000000,0.350000000,0.800000000,0.000000000,0.150000000,1.399346000,-4.000000000,0.309017000,0.000000000,0.951056500,1.296554000,2.178782000,-4.372538000,1.296554000,2.178782000,-4.372538000,0.000000000,False,ReachInvalid,False,0,26,26,2.000000000,2.000000000,3.000000000,3.000000000,2.000000000,2.000000000,0.000000000,0.000000000,Du03AStrokeSession,reach=1.25|spacing=0.08|dedupe=0.02|min=0.20|ink=5.00,source=MOUSE_RAY|phase=LATE_UPDATE|assist=NONE,0.000000000,False,False,True,PASS
A07,Aim,117,111,1,111,LMB,HELD,False,False,False,False,Drawing,Drawing,LATE_UPDATE,CANDIDATE,MOUSE_RAY,960.000000000,540.000000000,0.061681580,2.484718000,-5.922576000,0.615812300,-0.152566000,0.772980500,2.005274000,0.150000000,0.900000000,-4.000000000,0.350000000,0.800000000,0.000000000,0.150000000,1.399346000,-4.000000000,0.309017000,0.000000000,0.951056500,1.296554000,2.178782000,-4.372538000,1.296554000,2.178782000,-4.372538000,0.000000000,False,ReachInvalid,False,0,26,26,2.000000000,2.000000000,3.000000000,3.000000000,2.000000000,2.000000000,0.000000000,0.000000000,Du03AStrokeSession,reach=1.25|spacing=0.08|dedupe=0.02|min=0.20|ink=5.00,source=MOUSE_RAY|phase=LATE_UPDATE|assist=NONE,0.000000000,False,False,True,PASS
A07,Aim,118,112,1,112,LMB,HELD,False,False,False,False,Drawing,Drawing,LATE_UPDATE,CANDIDATE,MOUSE_RAY,960.000000000,540.000000000,0.061681580,2.484718000,-5.922576000,0.615812300,-0.152566000,0.772980500,2.005274000,0.150000000,0.900000000,-4.000000000,0.350000000,0.800000000,0.000000000,0.150000000,1.399346000,-4.000000000,0.309017000,0.000000000,0.951056500,1.296554000,2.178782000,-4.372538000,1.296554000,2.178782000,-4.372538000,0.000000000,False,ReachInvalid,False,0,26,26,2.000000000,2.000000000,3.000000000,3.000000000,2.000000000,2.000000000,0.000000000,0.000000000,Du03AStrokeSession,reach=1.25|spacing=0.08|dedupe=0.02|min=0.20|ink=5.00,source=MOUSE_RAY|phase=LATE_UPDATE|assist=NONE,0.000000000,False,False,True,PASS
A07,Aim,119,113,1,113,LMB,HELD,False,False,False,False,Drawing,Drawing,LATE_UPDATE,CANDIDATE,MOUSE_RAY,960.000000000,540.000000000,0.061681580,2.484718000,-5.922576000,0.615812300,-0.152566000,0.772980500,2.005274000,0.150000000,0.900000000,-4.000000000,0.350000000,0.800000000,0.000000000,0.150000000,1.399346000,-4.000000000,0.309017000,0.000000000,0.951056500,1.296554000,2.178782000,-4.372538000,1.296554000,2.178782000,-4.372538000,0.000000000,False,ReachInvalid,False,0,26,26,2.000000000,2.000000000,3.000000000,3.000000000,2.000000000,2.000000000,0.000000000,0.000000000,Du03AStrokeSession,reach=1.25|spacing=0.08|dedupe=0.02|min=0.20|ink=5.00,source=MOUSE_RAY|phase=LATE_UPDATE|assist=NONE,0.000000000,False,False,True,PASS
A07,Aim,120,114,1,114,LMB,HELD,False,False,False,False,Drawing,Drawing,LATE_UPDATE,CANDIDATE,MOUSE_RAY,960.000000000,540.000000000,0.061681580,2.484718000,-5.922576000,0.615812300,-0.152566000,0.772980500,2.005274000,0.150000000,0.900000000,-4.000000000,0.350000000,0.800000000,0.000000000,0.150000000,1.399346000,-4.000000000,0.309017000,0.000000000,0.951056500,1.296554000,2.178782000,-4.372538000,1.296554000,2.178782000,-4.372538000,0.000000000,False,ReachInvalid,False,0,26,26,2.000000000,2.000000000,3.000000000,3.000000000,2.000000000,2.000000000,0.000000000,0.000000000,Du03AStrokeSession,reach=1.25|spacing=0.08|dedupe=0.02|min=0.20|ink=5.00,source=MOUSE_RAY|phase=LATE_UPDATE|assist=NONE,0.000000000,False,False,True,PASS
A07,Aim,121,115,1,115,LMB,HELD,False,False,False,False,Drawing,Drawing,LATE_UPDATE,CANDIDATE,MOUSE_RAY,960.000000000,540.000000000,0.061681580,2.484718000,-5.922576000,0.615812300,-0.152566000,0.772980500,2.005274000,0.150000000,0.900000000,-4.000000000,0.350000000,0.800000000,0.000000000,0.150000000,1.399346000,-4.000000000,0.309017000,0.000000000,0.951056500,1.296554000,2.178782000,-4.372538000,1.296554000,2.178782000,-4.372538000,0.000000000,False,ReachInvalid,False,0,26,26,2.000000000,2.000000000,3.000000000,3.000000000,2.000000000,2.000000000,0.000000000,0.000000000,Du03AStrokeSession,reach=1.25|spacing=0.08|dedupe=0.02|min=0.20|ink=5.00,source=MOUSE_RAY|phase=LATE_UPDATE|assist=NONE,0.000000000,False,False,True,PASS
A07,Aim,122,116,1,116,LMB,HELD,False,False,False,False,Drawing,Drawing,LATE_UPDATE,CANDIDATE,MOUSE_RAY,960.000000000,540.000000000,0.061681580,2.484718000,-5.922576000,0.615812300,-0.152566000,0.772980500,2.005274000,0.150000000,0.900000000,-4.000000000,0.350000000,0.800000000,0.000000000,0.150000000,1.399346000,-4.000000000,0.309017000,0.000000000,0.951056500,1.296554000,2.178782000,-4.372538000,1.296554000,2.178782000,-4.372538000,0.000000000,False,ReachInvalid,False,0,26,26,2.000000000,2.000000000,3.000000000,3.000000000,2.000000000,2.000000000,0.000000000,0.000000000,Du03AStrokeSession,reach=1.25|spacing=0.08|dedupe=0.02|min=0.20|ink=5.00,source=MOUSE_RAY|phase=LATE_UPDATE|assist=NONE,0.000000000,False,False,True,PASS
A07,Aim,123,117,1,117,LMB,HELD,False,False,False,False,Drawing,Drawing,LATE_UPDATE,CANDIDATE,MOUSE_RAY,960.000000000,540.000000000,0.061681580,2.484718000,-5.922576000,0.615812300,-0.152566000,0.772980500,2.005274000,0.150000000,0.900000000,-4.000000000,0.350000000,0.800000000,0.000000000,0.150000000,1.399346000,-4.000000000,0.309017000,0.000000000,0.951056500,1.296554000,2.178782000,-4.372538000,1.296554000,2.178782000,-4.372538000,0.000000000,False,ReachInvalid,False,0,26,26,2.000000000,2.000000000,3.000000000,3.000000000,2.000000000,2.000000000,0.000000000,0.000000000,Du03AStrokeSession,reach=1.25|spacing=0.08|dedupe=0.02|min=0.20|ink=5.00,source=MOUSE_RAY|phase=LATE_UPDATE|assist=NONE,0.000000000,False,False,True,PASS
A07,Aim,124,118,1,118,LMB,HELD,False,False,False,False,Drawing,Drawing,LATE_UPDATE,CANDIDATE,MOUSE_RAY,960.000000000,540.000000000,0.061681580,2.484718000,-5.922576000,0.615812300,-0.152566000,0.772980500,2.005274000,0.150000000,0.900000000,-4.000000000,0.350000000,0.800000000,0.000000000,0.150000000,1.399346000,-4.000000000,0.309017000,0.000000000,0.951056500,1.296554000,2.178782000,-4.372538000,1.296554000,2.178782000,-4.372538000,0.000000000,False,ReachInvalid,False,0,26,26,2.000000000,2.000000000,3.000000000,3.000000000,2.000000000,2.000000000,0.000000000,0.000000000,Du03AStrokeSession,reach=1.25|spacing=0.08|dedupe=0.02|min=0.20|ink=5.00,source=MOUSE_RAY|phase=LATE_UPDATE|assist=NONE,0.000000000,False,False,True,PASS
A07,Aim,125,119,1,119,LMB,HELD,False,False,False,False,Drawing,Drawing,LATE_UPDATE,CANDIDATE,MOUSE_RAY,960.000000000,540.000000000,0.061681580,2.484718000,-5.922576000,0.615812300,-0.152566000,0.772980500,2.005274000,0.150000000,0.900000000,-4.000000000,0.350000000,0.800000000,0.000000000,0.150000000,1.399346000,-4.000000000,0.309017000,0.000000000,0.951056500,1.296554000,2.178782000,-4.372538000,1.296554000,2.178782000,-4.372538000,0.000000000,False,ReachInvalid,False,0,26,26,2.000000000,2.000000000,3.000000000,3.000000000,2.000000000,2.000000000,0.000000000,0.000000000,Du03AStrokeSession,reach=1.25|spacing=0.08|dedupe=0.02|min=0.20|ink=5.00,source=MOUSE_RAY|phase=LATE_UPDATE|assist=NONE,0.000000000,False,False,True,PASS
A07,Aim,126,120,1,120,LMB,HELD,False,False,False,False,Drawing,Drawing,LATE_UPDATE,CANDIDATE,MOUSE_RAY,960.000000000,540.000000000,0.061681580,2.484718000,-5.922576000,0.615812300,-0.152566000,0.772980500,2.005274000,0.150000000,0.900000000,-4.000000000,0.350000000,0.800000000,0.000000000,0.150000000,1.399346000,-4.000000000,0.309017000,0.000000000,0.951056500,1.296554000,2.178782000,-4.372538000,1.296554000,2.178782000,-4.372538000,0.000000000,False,ReachInvalid,False,0,26,26,2.000000000,2.000000000,3.000000000,3.000000000,2.000000000,2.000000000,0.000000000,0.000000000,Du03AStrokeSession,reach=1.25|spacing=0.08|dedupe=0.02|min=0.20|ink=5.00,source=MOUSE_RAY|phase=LATE_UPDATE|assist=NONE,0.000000000,False,False,True,PASS
A07,Aim,127,121,1,121,LMB,HELD,False,False,False,False,Drawing,Drawing,LATE_UPDATE,CANDIDATE,MOUSE_RAY,960.000000000,540.000000000,0.061681580,2.484718000,-5.922576000,0.615812300,-0.152566000,0.772980500,2.005274000,0.150000000,0.900000000,-4.000000000,0.350000000,0.800000000,0.000000000,0.150000000,1.399346000,-4.000000000,0.309017000,0.000000000,0.951056500,1.296554000,2.178782000,-4.372538000,1.296554000,2.178782000,-4.372538000,0.000000000,False,ReachInvalid,False,0,26,26,2.000000000,2.000000000,3.000000000,3.000000000,2.000000000,2.000000000,0.000000000,0.000000000,Du03AStrokeSession,reach=1.25|spacing=0.08|dedupe=0.02|min=0.20|ink=5.00,source=MOUSE_RAY|phase=LATE_UPDATE|assist=NONE,0.000000000,False,False,True,PASS
A07,Aim,128,122,1,122,LMB,HELD,False,False,False,False,Drawing,Drawing,LATE_UPDATE,CANDIDATE,MOUSE_RAY,960.000000000,540.000000000,0.061681580,2.484718000,-5.922576000,0.615812300,-0.152566000,0.772980500,2.005274000,0.150000000,0.900000000,-4.000000000,0.350000000,0.800000000,0.000000000,0.150000000,1.399346000,-4.000000000,0.309017000,0.000000000,0.951056500,1.296554000,2.178782000,-4.372538000,1.296554000,2.178782000,-4.372538000,0.000000000,False,ReachInvalid,False,0,26,26,2.000000000,2.000000000,3.000000000,3.000000000,2.000000000,2.000000000,0.000000000,0.000000000,Du03AStrokeSession,reach=1.25|spacing=0.08|dedupe=0.02|min=0.20|ink=5.00,source=MOUSE_RAY|phase=LATE_UPDATE|assist=NONE,0.000000000,False,False,True,PASS
A07,Aim,129,123,1,123,LMB,HELD,False,False,False,False,Drawing,Drawing,LATE_UPDATE,CANDIDATE,MOUSE_RAY,960.000000000,540.000000000,0.061681580,2.484718000,-5.922576000,0.615812300,-0.152566000,0.772980500,2.005274000,0.150000000,0.900000000,-4.000000000,0.350000000,0.800000000,0.000000000,0.150000000,1.399346000,-4.000000000,0.309017000,0.000000000,0.951056500,1.296554000,2.178782000,-4.372538000,1.296554000,2.178782000,-4.372538000,0.000000000,False,ReachInvalid,False,0,26,26,2.000000000,2.000000000,3.000000000,3.000000000,2.000000000,2.000000000,0.000000000,0.000000000,Du03AStrokeSession,reach=1.25|spacing=0.08|dedupe=0.02|min=0.20|ink=5.00,source=MOUSE_RAY|phase=LATE_UPDATE|assist=NONE,0.000000000,False,False,True,PASS
A07,Aim,130,124,1,124,LMB,HELD,False,False,False,False,Drawing,Drawing,LATE_UPDATE,CANDIDATE,MOUSE_RAY,960.000000000,540.000000000,0.061681580,2.484718000,-5.922576000,0.615812300,-0.152566000,0.772980500,2.005274000,0.150000000,0.900000000,-4.000000000,0.350000000,0.800000000,0.000000000,0.150000000,1.399346000,-4.000000000,0.309017000,0.000000000,0.951056500,1.296554000,2.178782000,-4.372538000,1.296554000,2.178782000,-4.372538000,0.000000000,False,ReachInvalid,False,0,26,26,2.000000000,2.000000000,3.000000000,3.000000000,2.000000000,2.000000000,0.000000000,0.000000000,Du03AStrokeSession,reach=1.25|spacing=0.08|dedupe=0.02|min=0.20|ink=5.00,source=MOUSE_RAY|phase=LATE_UPDATE|assist=NONE,0.000000000,False,False,True,PASS
A07,Aim,131,125,1,125,LMB,HELD,False,False,False,False,Drawing,Drawing,LATE_UPDATE,CANDIDATE,MOUSE_RAY,960.000000000,540.000000000,0.061681580,2.484718000,-5.922576000,0.615812300,-0.152566000,0.772980500,2.005274000,0.150000000,0.900000000,-4.000000000,0.350000000,0.800000000,0.000000000,0.150000000,1.399346000,-4.000000000,0.309017000,0.000000000,0.951056500,1.296554000,2.178782000,-4.372538000,1.296554000,2.178782000,-4.372538000,0.000000000,False,ReachInvalid,False,0,26,26,2.000000000,2.000000000,3.000000000,3.000000000,2.000000000,2.000000000,0.000000000,0.000000000,Du03AStrokeSession,reach=1.25|spacing=0.08|dedupe=0.02|min=0.20|ink=5.00,source=MOUSE_RAY|phase=LATE_UPDATE|assist=NONE,0.000000000,False,False,True,PASS
A07,Aim,132,126,1,126,LMB,HELD,False,False,False,False,Drawing,Drawing,LATE_UPDATE,CANDIDATE,MOUSE_RAY,960.000000000,540.000000000,0.061681580,2.484718000,-5.922576000,0.615812300,-0.152566000,0.772980500,2.005274000,0.150000000,0.900000000,-4.000000000,0.350000000,0.800000000,0.000000000,0.150000000,1.399346000,-4.000000000,0.309017000,0.000000000,0.951056500,1.296554000,2.178782000,-4.372538000,1.296554000,2.178782000,-4.372538000,0.000000000,False,ReachInvalid,False,0,26,26,2.000000000,2.000000000,3.000000000,3.000000000,2.000000000,2.000000000,0.000000000,0.000000000,Du03AStrokeSession,reach=1.25|spacing=0.08|dedupe=0.02|min=0.20|ink=5.00,source=MOUSE_RAY|phase=LATE_UPDATE|assist=NONE,0.000000000,False,False,True,PASS
A07,Aim,133,127,1,127,LMB,HELD,False,False,False,False,Drawing,Drawing,LATE_UPDATE,CANDIDATE,MOUSE_RAY,960.000000000,540.000000000,0.061681580,2.484718000,-5.922576000,0.615812300,-0.152566000,0.772980500,2.005274000,0.150000000,0.900000000,-4.000000000,0.350000000,0.800000000,0.000000000,0.150000000,1.399346000,-4.000000000,0.309017000,0.000000000,0.951056500,1.296554000,2.178782000,-4.372538000,1.296554000,2.178782000,-4.372538000,0.000000000,False,ReachInvalid,False,0,26,26,2.000000000,2.000000000,3.000000000,3.000000000,2.000000000,2.000000000,0.000000000,0.000000000,Du03AStrokeSession,reach=1.25|spacing=0.08|dedupe=0.02|min=0.20|ink=5.00,source=MOUSE_RAY|phase=LATE_UPDATE|assist=NONE,0.000000000,False,False,True,PASS
A07,Aim,134,128,1,128,LMB,HELD,False,False,False,False,Drawing,Drawing,LATE_UPDATE,CANDIDATE,MOUSE_RAY,960.000000000,540.000000000,0.061681580,2.484718000,-5.922576000,0.615812300,-0.152566000,0.772980500,2.005274000,0.150000000,0.900000000,-4.000000000,0.350000000,0.800000000,0.000000000,0.150000000,1.399346000,-4.000000000,0.309017000,0.000000000,0.951056500,1.296554000,2.178782000,-4.372538000,1.296554000,2.178782000,-4.372538000,0.000000000,False,ReachInvalid,False,0,26,26,2.000000000,2.000000000,3.000000000,3.000000000,2.000000000,2.000000000,0.000000000,0.000000000,Du03AStrokeSession,reach=1.25|spacing=0.08|dedupe=0.02|min=0.20|ink=5.00,source=MOUSE_RAY|phase=LATE_UPDATE|assist=NONE,0.000000000,False,False,True,PASS
A07,Aim,135,129,1,129,LMB,HELD,False,False,False,False,Drawing,Drawing,LATE_UPDATE,CANDIDATE,MOUSE_RAY,960.000000000,540.000000000,0.061681580,2.484718000,-5.922576000,0.615812300,-0.152566000,0.772980500,2.005274000,0.150000000,0.900000000,-4.000000000,0.350000000,0.800000000,0.000000000,0.150000000,1.399346000,-4.000000000,0.309017000,0.000000000,0.951056500,1.296554000,2.178782000,-4.372538000,1.296554000,2.178782000,-4.372538000,0.000000000,False,ReachInvalid,False,0,26,26,2.000000000,2.000000000,3.000000000,3.000000000,2.000000000,2.000000000,0.000000000,0.000000000,Du03AStrokeSession,reach=1.25|spacing=0.08|dedupe=0.02|min=0.20|ink=5.00,source=MOUSE_RAY|phase=LATE_UPDATE|assist=NONE,0.000000000,False,False,True,PASS
A08,Aim,137,2,1,131,LMB,RELEASED,False,True,False,False,Drawing,Idle,LATE_UPDATE,CANDIDATE>RELEASE,MOUSE_RAY,952.000000000,492.000000000,-0.841323000,0.900000000,-5.576021000,0.615661500,0.000000000,0.788010700,1.852241000,0.150000000,0.900000000,-4.000000000,0.350000000,0.800000000,0.000000000,0.150000000,0.900000000,-4.000000000,0.615661500,0.000000000,0.788010700,0.299030400,0.900000000,-4.116436000,0.299030400,0.900000000,-4.116436000,0.000000000,True,Appended,True,2,1,0,0.000000000,0.000000000,5.000000000,5.000000000,0.000000000,0.000000000,0.000000000,0.000000000,Du03AStrokeSession,reach=1.25|spacing=0.08|dedupe=0.02|min=0.20|ink=5.00,source=MOUSE_RAY|phase=LATE_UPDATE|assist=NONE,0.000000000,False,False,False,PASS
A09,Aim,138,3,0,132,NONE,NONE,False,False,False,False,Idle,Idle,NONE,NONE,MOUSE_RAY,,,,,,,,,,0.150000000,0.900000000,-4.000000000,0.350000000,0.800000000,0.000000000,0.150000000,0.900000000,-4.000000000,0.615661500,0.000000000,0.788010700,,,,,,,,False,Appended,False,0,0,0,0.000000000,0.000000000,5.000000000,5.000000000,0.000000000,0.000000000,0.000000000,0.000000000,Du03AStrokeSession,reach=1.25|spacing=0.08|dedupe=0.02|min=0.20|ink=5.00,source=MOUSE_RAY|phase=LATE_UPDATE|assist=NONE,0.000000000,False,False,True,PASS
A10,Aim,141,3,1,135,LMB,HELD,False,False,False,False,Drawing,Drawing,LATE_UPDATE,CANDIDATE,MOUSE_RAY,952.000000000,492.000000000,-1.081323000,0.900000000,-5.576021000,0.757963400,0.000000000,0.652297000,2.039430000,0.150000000,0.900000000,-4.000000000,0.350000000,0.800000000,0.000000000,0.150000000,0.900000000,-4.000000000,0.615661500,0.000000000,0.788010700,0.464490700,0.900000000,-4.245707000,0.464490700,0.900000000,-4.245707000,0.000000000,True,Appended,True,4,1,5,0.000000000,0.320000000,5.000000000,4.680000000,0.000000000,0.320000000,0.000000000,0.000000000,Du03AStrokeSession,reach=1.25|spacing=0.08|dedupe=0.02|min=0.20|ink=5.00,source=MOUSE_RAY|phase=LATE_UPDATE|assist=NONE,0.000000000,False,False,False,PASS
A11,Aim,,,,,,,,,,,Drawing,Drawing,DIRECT,INK_INVALID,MOUSE_RAY,,,,,,,,,,,,,,,,,,,,,,,,,,,,,True,INK_INVALID,False,,,,,,,,,,,,Du03AStrokeSession,reach=1.25|spacing=0.08|dedupe=0.02|min=0.20|ink=5.00,source=MOUSE_RAY|phase=LATE_UPDATE|assist=NONE,,False,False,True,PASS
A12,Aim,,,,,,,,,,,Drawing,Drawing,DIRECT,INPUT_SYSTEM_BINDINGS,MOUSE_RAY,,,,,,,,,,,,,,,,,,,,,,,,,,,,,True,INPUT_SYSTEM_BINDINGS,False,,,,,,,,,,,,Du03AStrokeSession,reach=1.25|spacing=0.08|dedupe=0.02|min=0.20|ink=5.00,source=MOUSE_RAY|phase=LATE_UPDATE|assist=NONE,,False,False,True,PASS
T01,Trajectory,142,1,1,136,LMB,PRESSED,True,False,False,False,Idle,Drawing,LATE_UPDATE,PRESS>CANDIDATE,HAND_MARKER,,,,,,,,,,0.150000000,0.900000000,-4.000000000,0.350000000,0.800000000,0.000000000,0.150000000,0.900000000,-4.000000000,0.615661500,0.000000000,0.788010700,0.150000000,0.900000000,-4.000000000,0.150000000,0.900000000,-4.000000000,0.000000000,True,Dedupe,False,0,0,1,0.000000000,0.000000000,5.000000000,5.000000000,0.000000000,0.000000000,0.000000000,0.000000000,Du03AStrokeSession,reach=1.25|spacing=0.08|dedupe=0.02|min=0.20|ink=5.00,source=HAND_MARKER|phase=LATE_UPDATE|assist=NONE,0.000000000,False,False,False,PASS
T02,Trajectory,143,2,1,137,LMB,HELD,False,False,False,False,Drawing,Drawing,LATE_UPDATE,CANDIDATE,HAND_MARKER,,,,,,,,,,0.230000000,0.939999900,-4.000000000,0.350000000,0.800000000,0.000000000,0.150000000,0.900000000,-4.000000000,0.615661500,0.000000000,0.788010700,0.230000000,0.939999900,-4.000000000,0.230000000,0.939999900,-4.000000000,0.000000000,True,SpacingNotReached,False,0,1,1,0.000000000,0.000000000,5.000000000,5.000000000,0.000000000,0.000000000,0.000000000,0.000000000,Du03AStrokeSession,reach=1.25|spacing=0.08|dedupe=0.02|min=0.20|ink=5.00,source=HAND_MARKER|phase=LATE_UPDATE|assist=NONE,0.000000000,False,False,True,PASS
T03,Trajectory,144,3,1,138,LMB,HELD,False,False,False,False,Drawing,Drawing,LATE_UPDATE,CANDIDATE,HAND_MARKER,,,,,,,,,,0.230000000,0.900000000,-4.000000000,0.350000000,0.800000000,0.000000000,0.150000000,0.900000000,-4.000000000,0.615661500,0.000000000,0.788010700,0.230000000,0.900000000,-4.000000000,0.230000000,0.900000000,-4.000000000,0.000000000,True,SpacingNotReached,False,0,1,1,0.000000000,0.000000000,5.000000000,5.000000000,0.000000000,0.000000000,0.000000000,0.000000000,Du03AStrokeSession,reach=1.25|spacing=0.08|dedupe=0.02|min=0.20|ink=5.00,source=HAND_MARKER|phase=LATE_UPDATE|assist=NONE,0.000000000,False,False,True,PASS
T04,Trajectory,145,4,1,139,LMB,HELD,False,False,False,False,Drawing,Drawing,LATE_UPDATE,CANDIDATE,HAND_MARKER,,,,,,,,,,0.150000000,0.980000000,-4.000000000,0.350000000,0.800000000,0.000000000,0.150000000,0.900000000,-4.000000000,0.615661500,0.000000000,0.788010700,0.150000000,0.980000000,-4.000000000,0.150000000,0.980000000,-4.000000000,0.000000000,True,Appended,True,1,1,2,0.000000000,0.080000000,5.000000000,4.920000000,0.000000000,0.080000000,0.000000000,0.000000000,Du03AStrokeSession,reach=1.25|spacing=0.08|dedupe=0.02|min=0.20|ink=5.00,source=HAND_MARKER|phase=LATE_UPDATE|assist=NONE,0.000000000,False,False,False,PASS
T05,Trajectory,150,9,1,144,LMB,HELD,False,False,False,False,Drawing,Drawing,LATE_UPDATE,CANDIDATE,HAND_MARKER,,,,,,,,,,0.150000000,0.900000000,-4.000000000,0.350000000,0.800000000,0.000000000,0.150000000,0.900000000,-4.000000000,0.615661500,0.000000000,0.788010700,0.150000000,0.900000000,-4.000000000,0.150000000,0.900000000,-4.000000000,0.000000000,True,Dedupe,False,0,3,3,0.160000000,0.160000000,4.840000000,4.840000000,0.160000000,0.160000000,0.000000000,0.000000000,Du03AStrokeSession,reach=1.25|spacing=0.08|dedupe=0.02|min=0.20|ink=5.00,source=HAND_MARKER|phase=LATE_UPDATE|assist=NONE,0.000000000,False,False,True,PASS
T06,Trajectory,151,10,1,145,MOUSE_EXTREME,HELD,False,False,False,False,Drawing,Drawing,LATE_UPDATE,CANDIDATE,HAND_MARKER,,,,,,,,,,0.150000000,0.900000000,-4.000000000,0.350000000,0.800000000,0.000000000,0.150000000,0.900000000,-4.000000000,0.615661500,0.000000000,0.788010700,0.150000000,0.900000000,-4.000000000,0.150000000,0.900000000,-4.000000000,0.000000000,True,Dedupe,False,0,3,3,0.160000000,0.160000000,4.840000000,4.840000000,0.160000000,0.160000000,0.000000000,0.000000000,Du03AStrokeSession,reach=1.25|spacing=0.08|dedupe=0.02|min=0.20|ink=5.00,source=HAND_MARKER|phase=LATE_UPDATE|assist=NONE,0.000000000,False,False,True,PASS
T07,Trajectory,152,11,1,146,STEERING_NONE,HELD,False,False,False,False,Drawing,Drawing,LATE_UPDATE,CANDIDATE,HAND_MARKER,,,,,,,,,,0.150000000,0.900000000,-4.000000000,0.350000000,0.800000000,0.000000000,0.150000000,0.900000000,-4.000000000,0.615661500,0.000000000,0.788010700,0.150000000,0.900000000,-4.000000000,0.150000000,0.900000000,-4.000000000,0.000000000,True,Dedupe,False,0,3,3,0.160000000,0.160000000,4.840000000,4.840000000,0.160000000,0.160000000,0.000000000,0.000000000,Du03AStrokeSession,reach=1.25|spacing=0.08|dedupe=0.02|min=0.20|ink=5.00,source=HAND_MARKER|phase=LATE_UPDATE|assist=NONE,0.000000000,False,False,True,PASS
T08,Trajectory,153,12,1,147,LMB,HELD,False,False,False,False,Drawing,Drawing,LATE_UPDATE,CANDIDATE,HAND_MARKER,,,,,,,,,,0.151000000,0.900000000,-4.000000000,0.350000000,0.800000000,0.000000000,0.150000000,0.900000000,-4.000000000,0.615661500,0.000000000,0.788010700,0.151000000,0.900000000,-4.000000000,0.151000000,0.900000000,-4.000000000,0.000000000,True,Dedupe,False,0,3,3,0.160000000,0.160000000,4.840000000,4.840000000,0.160000000,0.160000000,0.000000000,0.000000000,Du03AStrokeSession,reach=1.25|spacing=0.08|dedupe=0.02|min=0.20|ink=5.00,source=HAND_MARKER|phase=LATE_UPDATE|assist=NONE,0.000000000,False,False,True,PASS
T08,Trajectory,154,13,1,148,LMB,HELD,False,False,False,False,Drawing,Drawing,LATE_UPDATE,CANDIDATE,HAND_MARKER,,,,,,,,,,0.149000000,0.900000000,-4.000000000,0.350000000,0.800000000,0.000000000,0.150000000,0.900000000,-4.000000000,0.615661500,0.000000000,0.788010700,0.149000000,0.900000000,-4.000000000,0.149000000,0.900000000,-4.000000000,0.000000000,True,Dedupe,False,0,3,3,0.160000000,0.160000000,4.840000000,4.840000000,0.160000000,0.160000000,0.000000000,0.000000000,Du03AStrokeSession,reach=1.25|spacing=0.08|dedupe=0.02|min=0.20|ink=5.00,source=HAND_MARKER|phase=LATE_UPDATE|assist=NONE,0.000000000,False,False,True,PASS
T08,Trajectory,155,14,1,149,LMB,HELD,False,False,False,False,Drawing,Drawing,LATE_UPDATE,CANDIDATE,HAND_MARKER,,,,,,,,,,0.151000000,0.900000000,-4.000000000,0.350000000,0.800000000,0.000000000,0.150000000,0.900000000,-4.000000000,0.615661500,0.000000000,0.788010700,0.151000000,0.900000000,-4.000000000,0.151000000,0.900000000,-4.000000000,0.000000000,True,Dedupe,False,0,3,3,0.160000000,0.160000000,4.840000000,4.840000000,0.160000000,0.160000000,0.000000000,0.000000000,Du03AStrokeSession,reach=1.25|spacing=0.08|dedupe=0.02|min=0.20|ink=5.00,source=HAND_MARKER|phase=LATE_UPDATE|assist=NONE,0.000000000,False,False,True,PASS
T08,Trajectory,156,15,1,150,LMB,HELD,False,False,False,False,Drawing,Drawing,LATE_UPDATE,CANDIDATE,HAND_MARKER,,,,,,,,,,0.149000000,0.900000000,-4.000000000,0.350000000,0.800000000,0.000000000,0.150000000,0.900000000,-4.000000000,0.615661500,0.000000000,0.788010700,0.149000000,0.900000000,-4.000000000,0.149000000,0.900000000,-4.000000000,0.000000000,True,Dedupe,False,0,3,3,0.160000000,0.160000000,4.840000000,4.840000000,0.160000000,0.160000000,0.000000000,0.000000000,Du03AStrokeSession,reach=1.25|spacing=0.08|dedupe=0.02|min=0.20|ink=5.00,source=HAND_MARKER|phase=LATE_UPDATE|assist=NONE,0.000000000,False,False,True,PASS
T08,Trajectory,157,16,1,151,LMB,HELD,False,False,False,False,Drawing,Drawing,LATE_UPDATE,CANDIDATE,HAND_MARKER,,,,,,,,,,0.151000000,0.900000000,-4.000000000,0.350000000,0.800000000,0.000000000,0.150000000,0.900000000,-4.000000000,0.615661500,0.000000000,0.788010700,0.151000000,0.900000000,-4.000000000,0.151000000,0.900000000,-4.000000000,0.000000000,True,Dedupe,False,0,3,3,0.160000000,0.160000000,4.840000000,4.840000000,0.160000000,0.160000000,0.000000000,0.000000000,Du03AStrokeSession,reach=1.25|spacing=0.08|dedupe=0.02|min=0.20|ink=5.00,source=HAND_MARKER|phase=LATE_UPDATE|assist=NONE,0.000000000,False,False,True,PASS
T08,Trajectory,158,17,1,152,LMB,HELD,False,False,False,False,Drawing,Drawing,LATE_UPDATE,CANDIDATE,HAND_MARKER,,,,,,,,,,0.149000000,0.900000000,-4.000000000,0.350000000,0.800000000,0.000000000,0.150000000,0.900000000,-4.000000000,0.615661500,0.000000000,0.788010700,0.149000000,0.900000000,-4.000000000,0.149000000,0.900000000,-4.000000000,0.000000000,True,Dedupe,False,0,3,3,0.160000000,0.160000000,4.840000000,4.840000000,0.160000000,0.160000000,0.000000000,0.000000000,Du03AStrokeSession,reach=1.25|spacing=0.08|dedupe=0.02|min=0.20|ink=5.00,source=HAND_MARKER|phase=LATE_UPDATE|assist=NONE,0.000000000,False,False,True,PASS
T08,Trajectory,159,18,1,153,LMB,HELD,False,False,False,False,Drawing,Drawing,LATE_UPDATE,CANDIDATE,HAND_MARKER,,,,,,,,,,0.150000000,0.900000000,-4.000000000,0.350000000,0.800000000,0.000000000,0.150000000,0.900000000,-4.000000000,0.615661500,0.000000000,0.788010700,0.150000000,0.900000000,-4.000000000,0.150000000,0.900000000,-4.000000000,0.000000000,True,Dedupe,False,0,3,3,0.160000000,0.160000000,4.840000000,4.840000000,0.160000000,0.160000000,0.000000000,0.000000000,Du03AStrokeSession,reach=1.25|spacing=0.08|dedupe=0.02|min=0.20|ink=5.00,source=HAND_MARKER|phase=LATE_UPDATE|assist=NONE,0.000000000,False,False,True,PASS
T08,Trajectory,160,19,1,154,LMB,HELD,False,False,False,False,Drawing,Drawing,LATE_UPDATE,CANDIDATE,HAND_MARKER,,,,,,,,,,0.148000000,0.900000000,-4.000000000,0.350000000,0.800000000,0.000000000,0.150000000,0.900000000,-4.000000000,0.615661500,0.000000000,0.788010700,0.148000000,0.900000000,-4.000000000,0.148000000,0.900000000,-4.000000000,0.000000000,True,Dedupe,False,0,3,3,0.160000000,0.160000000,4.840000000,4.840000000,0.160000000,0.160000000,0.000000000,0.000000000,Du03AStrokeSession,reach=1.25|spacing=0.08|dedupe=0.02|min=0.20|ink=5.00,source=HAND_MARKER|phase=LATE_UPDATE|assist=NONE,0.000000000,False,False,True,PASS
T08,Trajectory,161,20,1,155,LMB,HELD,False,False,False,False,Drawing,Drawing,LATE_UPDATE,CANDIDATE,HAND_MARKER,,,,,,,,,,0.150000000,0.900000000,-4.000000000,0.350000000,0.800000000,0.000000000,0.150000000,0.900000000,-4.000000000,0.615661500,0.000000000,0.788010700,0.150000000,0.900000000,-4.000000000,0.150000000,0.900000000,-4.000000000,0.000000000,True,Dedupe,False,0,3,3,0.160000000,0.160000000,4.840000000,4.840000000,0.160000000,0.160000000,0.000000000,0.000000000,Du03AStrokeSession,reach=1.25|spacing=0.08|dedupe=0.02|min=0.20|ink=5.00,source=HAND_MARKER|phase=LATE_UPDATE|assist=NONE,0.000000000,False,False,True,PASS
T08,Trajectory,162,21,1,156,LMB,HELD,False,False,False,False,Drawing,Drawing,LATE_UPDATE,CANDIDATE,HAND_MARKER,,,,,,,,,,0.148000000,0.900000000,-4.000000000,0.350000000,0.800000000,0.000000000,0.150000000,0.900000000,-4.000000000,0.615661500,0.000000000,0.788010700,0.148000000,0.900000000,-4.000000000,0.148000000,0.900000000,-4.000000000,0.000000000,True,Dedupe,False,0,3,3,0.160000000,0.160000000,4.840000000,4.840000000,0.160000000,0.160000000,0.000000000,0.000000000,Du03AStrokeSession,reach=1.25|spacing=0.08|dedupe=0.02|min=0.20|ink=5.00,source=HAND_MARKER|phase=LATE_UPDATE|assist=NONE,0.000000000,False,False,True,PASS
T08,Trajectory,163,22,1,157,LMB,HELD,False,False,False,False,Drawing,Drawing,LATE_UPDATE,CANDIDATE,HAND_MARKER,,,,,,,,,,0.150000000,0.900000000,-4.000000000,0.350000000,0.800000000,0.000000000,0.150000000,0.900000000,-4.000000000,0.615661500,0.000000000,0.788010700,0.150000000,0.900000000,-4.000000000,0.150000000,0.900000000,-4.000000000,0.000000000,True,Dedupe,False,0,3,3,0.160000000,0.160000000,4.840000000,4.840000000,0.160000000,0.160000000,0.000000000,0.000000000,Du03AStrokeSession,reach=1.25|spacing=0.08|dedupe=0.02|min=0.20|ink=5.00,source=HAND_MARKER|phase=LATE_UPDATE|assist=NONE,0.000000000,False,False,True,PASS
T08,Trajectory,164,23,1,158,LMB,HELD,False,False,False,False,Drawing,Drawing,LATE_UPDATE,CANDIDATE,HAND_MARKER,,,,,,,,,,0.148000000,0.900000000,-4.000000000,0.350000000,0.800000000,0.000000000,0.150000000,0.900000000,-4.000000000,0.615661500,0.000000000,0.788010700,0.148000000,0.900000000,-4.000000000,0.148000000,0.900000000,-4.000000000,0.000000000,True,Dedupe,False,0,3,3,0.160000000,0.160000000,4.840000000,4.840000000,0.160000000,0.160000000,0.000000000,0.000000000,Du03AStrokeSession,reach=1.25|spacing=0.08|dedupe=0.02|min=0.20|ink=5.00,source=HAND_MARKER|phase=LATE_UPDATE|assist=NONE,0.000000000,False,False,True,PASS
T08,Trajectory,165,24,1,159,LMB,HELD,False,False,False,False,Drawing,Drawing,LATE_UPDATE,CANDIDATE,HAND_MARKER,,,,,,,,,,0.149000000,0.900000000,-4.000000000,0.350000000,0.800000000,0.000000000,0.150000000,0.900000000,-4.000000000,0.615661500,0.000000000,0.788010700,0.149000000,0.900000000,-4.000000000,0.149000000,0.900000000,-4.000000000,0.000000000,True,Dedupe,False,0,3,3,0.160000000,0.160000000,4.840000000,4.840000000,0.160000000,0.160000000,0.000000000,0.000000000,Du03AStrokeSession,reach=1.25|spacing=0.08|dedupe=0.02|min=0.20|ink=5.00,source=HAND_MARKER|phase=LATE_UPDATE|assist=NONE,0.000000000,False,False,True,PASS
T08,Trajectory,166,25,1,160,LMB,HELD,False,False,False,False,Drawing,Drawing,LATE_UPDATE,CANDIDATE,HAND_MARKER,,,,,,,,,,0.147000000,0.900000000,-4.000000000,0.350000000,0.800000000,0.000000000,0.150000000,0.900000000,-4.000000000,0.615661500,0.000000000,0.788010700,0.147000000,0.900000000,-4.000000000,0.147000000,0.900000000,-4.000000000,0.000000000,True,Dedupe,False,0,3,3,0.160000000,0.160000000,4.840000000,4.840000000,0.160000000,0.160000000,0.000000000,0.000000000,Du03AStrokeSession,reach=1.25|spacing=0.08|dedupe=0.02|min=0.20|ink=5.00,source=HAND_MARKER|phase=LATE_UPDATE|assist=NONE,0.000000000,False,False,True,PASS
T08,Trajectory,167,26,1,161,LMB,HELD,False,False,False,False,Drawing,Drawing,LATE_UPDATE,CANDIDATE,HAND_MARKER,,,,,,,,,,0.149000000,0.900000000,-4.000000000,0.350000000,0.800000000,0.000000000,0.150000000,0.900000000,-4.000000000,0.615661500,0.000000000,0.788010700,0.149000000,0.900000000,-4.000000000,0.149000000,0.900000000,-4.000000000,0.000000000,True,Dedupe,False,0,3,3,0.160000000,0.160000000,4.840000000,4.840000000,0.160000000,0.160000000,0.000000000,0.000000000,Du03AStrokeSession,reach=1.25|spacing=0.08|dedupe=0.02|min=0.20|ink=5.00,source=HAND_MARKER|phase=LATE_UPDATE|assist=NONE,0.000000000,False,False,True,PASS
T08,Trajectory,168,27,1,162,LMB,HELD,False,False,False,False,Drawing,Drawing,LATE_UPDATE,CANDIDATE,HAND_MARKER,,,,,,,,,,0.147000000,0.900000000,-4.000000000,0.350000000,0.800000000,0.000000000,0.150000000,0.900000000,-4.000000000,0.615661500,0.000000000,0.788010700,0.147000000,0.900000000,-4.000000000,0.147000000,0.900000000,-4.000000000,0.000000000,True,Dedupe,False,0,3,3,0.160000000,0.160000000,4.840000000,4.840000000,0.160000000,0.160000000,0.000000000,0.000000000,Du03AStrokeSession,reach=1.25|spacing=0.08|dedupe=0.02|min=0.20|ink=5.00,source=HAND_MARKER|phase=LATE_UPDATE|assist=NONE,0.000000000,False,False,True,PASS
T08,Trajectory,169,28,1,163,LMB,HELD,False,False,False,False,Drawing,Drawing,LATE_UPDATE,CANDIDATE,HAND_MARKER,,,,,,,,,,0.149000000,0.900000000,-4.000000000,0.350000000,0.800000000,0.000000000,0.150000000,0.900000000,-4.000000000,0.615661500,0.000000000,0.788010700,0.149000000,0.900000000,-4.000000000,0.149000000,0.900000000,-4.000000000,0.000000000,True,Dedupe,False,0,3,3,0.160000000,0.160000000,4.840000000,4.840000000,0.160000000,0.160000000,0.000000000,0.000000000,Du03AStrokeSession,reach=1.25|spacing=0.08|dedupe=0.02|min=0.20|ink=5.00,source=HAND_MARKER|phase=LATE_UPDATE|assist=NONE,0.000000000,False,False,True,PASS
T08,Trajectory,170,29,1,164,LMB,HELD,False,False,False,False,Drawing,Drawing,LATE_UPDATE,CANDIDATE,HAND_MARKER,,,,,,,,,,0.147000000,0.900000000,-4.000000000,0.350000000,0.800000000,0.000000000,0.150000000,0.900000000,-4.000000000,0.615661500,0.000000000,0.788010700,0.147000000,0.900000000,-4.000000000,0.147000000,0.900000000,-4.000000000,0.000000000,True,Dedupe,False,0,3,3,0.160000000,0.160000000,4.840000000,4.840000000,0.160000000,0.160000000,0.000000000,0.000000000,Du03AStrokeSession,reach=1.25|spacing=0.08|dedupe=0.02|min=0.20|ink=5.00,source=HAND_MARKER|phase=LATE_UPDATE|assist=NONE,0.000000000,False,False,True,PASS
T08,Trajectory,171,30,1,165,LMB,HELD,False,False,False,False,Drawing,Drawing,LATE_UPDATE,CANDIDATE,HAND_MARKER,,,,,,,,,,0.148000000,0.900000000,-4.000000000,0.350000000,0.800000000,0.000000000,0.150000000,0.900000000,-4.000000000,0.615661500,0.000000000,0.788010700,0.148000000,0.900000000,-4.000000000,0.148000000,0.900000000,-4.000000000,0.000000000,True,Dedupe,False,0,3,3,0.160000000,0.160000000,4.840000000,4.840000000,0.160000000,0.160000000,0.000000000,0.000000000,Du03AStrokeSession,reach=1.25|spacing=0.08|dedupe=0.02|min=0.20|ink=5.00,source=HAND_MARKER|phase=LATE_UPDATE|assist=NONE,0.000000000,False,False,True,PASS
T08,Trajectory,172,31,1,166,LMB,HELD,False,False,False,False,Drawing,Drawing,LATE_UPDATE,CANDIDATE,HAND_MARKER,,,,,,,,,,0.146000000,0.900000000,-4.000000000,0.350000000,0.800000000,0.000000000,0.150000000,0.900000000,-4.000000000,0.615661500,0.000000000,0.788010700,0.146000000,0.900000000,-4.000000000,0.146000000,0.900000000,-4.000000000,0.000000000,True,Dedupe,False,0,3,3,0.160000000,0.160000000,4.840000000,4.840000000,0.160000000,0.160000000,0.000000000,0.000000000,Du03AStrokeSession,reach=1.25|spacing=0.08|dedupe=0.02|min=0.20|ink=5.00,source=HAND_MARKER|phase=LATE_UPDATE|assist=NONE,0.000000000,False,False,True,PASS
T08,Trajectory,173,32,1,167,LMB,HELD,False,False,False,False,Drawing,Drawing,LATE_UPDATE,CANDIDATE,HAND_MARKER,,,,,,,,,,0.148000000,0.900000000,-4.000000000,0.350000000,0.800000000,0.000000000,0.150000000,0.900000000,-4.000000000,0.615661500,0.000000000,0.788010700,0.148000000,0.900000000,-4.000000000,0.148000000,0.900000000,-4.000000000,0.000000000,True,Dedupe,False,0,3,3,0.160000000,0.160000000,4.840000000,4.840000000,0.160000000,0.160000000,0.000000000,0.000000000,Du03AStrokeSession,reach=1.25|spacing=0.08|dedupe=0.02|min=0.20|ink=5.00,source=HAND_MARKER|phase=LATE_UPDATE|assist=NONE,0.000000000,False,False,True,PASS
T08,Trajectory,174,33,1,168,LMB,HELD,False,False,False,False,Drawing,Drawing,LATE_UPDATE,CANDIDATE,HAND_MARKER,,,,,,,,,,0.146000000,0.900000000,-4.000000000,0.350000000,0.800000000,0.000000000,0.150000000,0.900000000,-4.000000000,0.615661500,0.000000000,0.788010700,0.146000000,0.900000000,-4.000000000,0.146000000,0.900000000,-4.000000000,0.000000000,True,Dedupe,False,0,3,3,0.160000000,0.160000000,4.840000000,4.840000000,0.160000000,0.160000000,0.000000000,0.000000000,Du03AStrokeSession,reach=1.25|spacing=0.08|dedupe=0.02|min=0.20|ink=5.00,source=HAND_MARKER|phase=LATE_UPDATE|assist=NONE,0.000000000,False,False,True,PASS
T08,Trajectory,175,34,1,169,LMB,HELD,False,False,False,False,Drawing,Drawing,LATE_UPDATE,CANDIDATE,HAND_MARKER,,,,,,,,,,0.148000000,0.900000000,-4.000000000,0.350000000,0.800000000,0.000000000,0.150000000,0.900000000,-4.000000000,0.615661500,0.000000000,0.788010700,0.148000000,0.900000000,-4.000000000,0.148000000,0.900000000,-4.000000000,0.000000000,True,Dedupe,False,0,3,3,0.160000000,0.160000000,4.840000000,4.840000000,0.160000000,0.160000000,0.000000000,0.000000000,Du03AStrokeSession,reach=1.25|spacing=0.08|dedupe=0.02|min=0.20|ink=5.00,source=HAND_MARKER|phase=LATE_UPDATE|assist=NONE,0.000000000,False,False,True,PASS
T08,Trajectory,176,35,1,170,LMB,HELD,False,False,False,False,Drawing,Drawing,LATE_UPDATE,CANDIDATE,HAND_MARKER,,,,,,,,,,0.146000000,0.900000000,-4.000000000,0.350000000,0.800000000,0.000000000,0.150000000,0.900000000,-4.000000000,0.615661500,0.000000000,0.788010700,0.146000000,0.900000000,-4.000000000,0.146000000,0.900000000,-4.000000000,0.000000000,True,Dedupe,False,0,3,3,0.160000000,0.160000000,4.840000000,4.840000000,0.160000000,0.160000000,0.000000000,0.000000000,Du03AStrokeSession,reach=1.25|spacing=0.08|dedupe=0.02|min=0.20|ink=5.00,source=HAND_MARKER|phase=LATE_UPDATE|assist=NONE,0.000000000,False,False,True,PASS
T08,Trajectory,177,36,1,171,LMB,HELD,False,False,False,False,Drawing,Drawing,LATE_UPDATE,CANDIDATE,HAND_MARKER,,,,,,,,,,0.147000000,0.900000000,-4.000000000,0.350000000,0.800000000,0.000000000,0.150000000,0.900000000,-4.000000000,0.615661500,0.000000000,0.788010700,0.147000000,0.900000000,-4.000000000,0.147000000,0.900000000,-4.000000000,0.000000000,True,Dedupe,False,0,3,3,0.160000000,0.160000000,4.840000000,4.840000000,0.160000000,0.160000000,0.000000000,0.000000000,Du03AStrokeSession,reach=1.25|spacing=0.08|dedupe=0.02|min=0.20|ink=5.00,source=HAND_MARKER|phase=LATE_UPDATE|assist=NONE,0.000000000,False,False,True,PASS
T08,Trajectory,178,37,1,172,LMB,HELD,False,False,False,False,Drawing,Drawing,LATE_UPDATE,CANDIDATE,HAND_MARKER,,,,,,,,,,0.145000000,0.900000000,-4.000000000,0.350000000,0.800000000,0.000000000,0.150000000,0.900000000,-4.000000000,0.615661500,0.000000000,0.788010700,0.145000000,0.900000000,-4.000000000,0.145000000,0.900000000,-4.000000000,0.000000000,True,Dedupe,False,0,3,3,0.160000000,0.160000000,4.840000000,4.840000000,0.160000000,0.160000000,0.000000000,0.000000000,Du03AStrokeSession,reach=1.25|spacing=0.08|dedupe=0.02|min=0.20|ink=5.00,source=HAND_MARKER|phase=LATE_UPDATE|assist=NONE,0.000000000,False,False,True,PASS
T08,Trajectory,179,38,1,173,LMB,HELD,False,False,False,False,Drawing,Drawing,LATE_UPDATE,CANDIDATE,HAND_MARKER,,,,,,,,,,0.147000000,0.900000000,-4.000000000,0.350000000,0.800000000,0.000000000,0.150000000,0.900000000,-4.000000000,0.615661500,0.000000000,0.788010700,0.147000000,0.900000000,-4.000000000,0.147000000,0.900000000,-4.000000000,0.000000000,True,Dedupe,False,0,3,3,0.160000000,0.160000000,4.840000000,4.840000000,0.160000000,0.160000000,0.000000000,0.000000000,Du03AStrokeSession,reach=1.25|spacing=0.08|dedupe=0.02|min=0.20|ink=5.00,source=HAND_MARKER|phase=LATE_UPDATE|assist=NONE,0.000000000,False,False,True,PASS
T08,Trajectory,180,39,1,174,LMB,HELD,False,False,False,False,Drawing,Drawing,LATE_UPDATE,CANDIDATE,HAND_MARKER,,,,,,,,,,0.145000000,0.900000000,-4.000000000,0.350000000,0.800000000,0.000000000,0.150000000,0.900000000,-4.000000000,0.615661500,0.000000000,0.788010700,0.145000000,0.900000000,-4.000000000,0.145000000,0.900000000,-4.000000000,0.000000000,True,Dedupe,False,0,3,3,0.160000000,0.160000000,4.840000000,4.840000000,0.160000000,0.160000000,0.000000000,0.000000000,Du03AStrokeSession,reach=1.25|spacing=0.08|dedupe=0.02|min=0.20|ink=5.00,source=HAND_MARKER|phase=LATE_UPDATE|assist=NONE,0.000000000,False,False,True,PASS
T08,Trajectory,181,40,1,175,LMB,HELD,False,False,False,False,Drawing,Drawing,LATE_UPDATE,CANDIDATE,HAND_MARKER,,,,,,,,,,0.147000000,0.900000000,-4.000000000,0.350000000,0.800000000,0.000000000,0.150000000,0.900000000,-4.000000000,0.615661500,0.000000000,0.788010700,0.147000000,0.900000000,-4.000000000,0.147000000,0.900000000,-4.000000000,0.000000000,True,Dedupe,False,0,3,3,0.160000000,0.160000000,4.840000000,4.840000000,0.160000000,0.160000000,0.000000000,0.000000000,Du03AStrokeSession,reach=1.25|spacing=0.08|dedupe=0.02|min=0.20|ink=5.00,source=HAND_MARKER|phase=LATE_UPDATE|assist=NONE,0.000000000,False,False,True,PASS
T08,Trajectory,182,41,1,176,LMB,HELD,False,False,False,False,Drawing,Drawing,LATE_UPDATE,CANDIDATE,HAND_MARKER,,,,,,,,,,0.145000000,0.900000000,-4.000000000,0.350000000,0.800000000,0.000000000,0.150000000,0.900000000,-4.000000000,0.615661500,0.000000000,0.788010700,0.145000000,0.900000000,-4.000000000,0.145000000,0.900000000,-4.000000000,0.000000000,True,Dedupe,False,0,3,3,0.160000000,0.160000000,4.840000000,4.840000000,0.160000000,0.160000000,0.000000000,0.000000000,Du03AStrokeSession,reach=1.25|spacing=0.08|dedupe=0.02|min=0.20|ink=5.00,source=HAND_MARKER|phase=LATE_UPDATE|assist=NONE,0.000000000,False,False,True,PASS
T08,Trajectory,183,42,1,177,LMB,HELD,False,False,False,False,Drawing,Drawing,LATE_UPDATE,CANDIDATE,HAND_MARKER,,,,,,,,,,0.146000000,0.900000000,-4.000000000,0.350000000,0.800000000,0.000000000,0.150000000,0.900000000,-4.000000000,0.615661500,0.000000000,0.788010700,0.146000000,0.900000000,-4.000000000,0.146000000,0.900000000,-4.000000000,0.000000000,True,Dedupe,False,0,3,3,0.160000000,0.160000000,4.840000000,4.840000000,0.160000000,0.160000000,0.000000000,0.000000000,Du03AStrokeSession,reach=1.25|spacing=0.08|dedupe=0.02|min=0.20|ink=5.00,source=HAND_MARKER|phase=LATE_UPDATE|assist=NONE,0.000000000,False,False,True,PASS
T08,Trajectory,184,43,1,178,LMB,HELD,False,False,False,False,Drawing,Drawing,LATE_UPDATE,CANDIDATE,HAND_MARKER,,,,,,,,,,0.144000000,0.900000000,-4.000000000,0.350000000,0.800000000,0.000000000,0.150000000,0.900000000,-4.000000000,0.615661500,0.000000000,0.788010700,0.144000000,0.900000000,-4.000000000,0.144000000,0.900000000,-4.000000000,0.000000000,True,Dedupe,False,0,3,3,0.160000000,0.160000000,4.840000000,4.840000000,0.160000000,0.160000000,0.000000000,0.000000000,Du03AStrokeSession,reach=1.25|spacing=0.08|dedupe=0.02|min=0.20|ink=5.00,source=HAND_MARKER|phase=LATE_UPDATE|assist=NONE,0.000000000,False,False,True,PASS
T08,Trajectory,185,44,1,179,LMB,HELD,False,False,False,False,Drawing,Drawing,LATE_UPDATE,CANDIDATE,HAND_MARKER,,,,,,,,,,0.146000000,0.900000000,-4.000000000,0.350000000,0.800000000,0.000000000,0.150000000,0.900000000,-4.000000000,0.615661500,0.000000000,0.788010700,0.146000000,0.900000000,-4.000000000,0.146000000,0.900000000,-4.000000000,0.000000000,True,Dedupe,False,0,3,3,0.160000000,0.160000000,4.840000000,4.840000000,0.160000000,0.160000000,0.000000000,0.000000000,Du03AStrokeSession,reach=1.25|spacing=0.08|dedupe=0.02|min=0.20|ink=5.00,source=HAND_MARKER|phase=LATE_UPDATE|assist=NONE,0.000000000,False,False,True,PASS
T08,Trajectory,186,45,1,180,LMB,HELD,False,False,False,False,Drawing,Drawing,LATE_UPDATE,CANDIDATE,HAND_MARKER,,,,,,,,,,0.144000000,0.900000000,-4.000000000,0.350000000,0.800000000,0.000000000,0.150000000,0.900000000,-4.000000000,0.615661500,0.000000000,0.788010700,0.144000000,0.900000000,-4.000000000,0.144000000,0.900000000,-4.000000000,0.000000000,True,Dedupe,False,0,3,3,0.160000000,0.160000000,4.840000000,4.840000000,0.160000000,0.160000000,0.000000000,0.000000000,Du03AStrokeSession,reach=1.25|spacing=0.08|dedupe=0.02|min=0.20|ink=5.00,source=HAND_MARKER|phase=LATE_UPDATE|assist=NONE,0.000000000,False,False,True,PASS
T08,Trajectory,187,46,1,181,LMB,HELD,False,False,False,False,Drawing,Drawing,LATE_UPDATE,CANDIDATE,HAND_MARKER,,,,,,,,,,0.146000000,0.900000000,-4.000000000,0.350000000,0.800000000,0.000000000,0.150000000,0.900000000,-4.000000000,0.615661500,0.000000000,0.788010700,0.146000000,0.900000000,-4.000000000,0.146000000,0.900000000,-4.000000000,0.000000000,True,Dedupe,False,0,3,3,0.160000000,0.160000000,4.840000000,4.840000000,0.160000000,0.160000000,0.000000000,0.000000000,Du03AStrokeSession,reach=1.25|spacing=0.08|dedupe=0.02|min=0.20|ink=5.00,source=HAND_MARKER|phase=LATE_UPDATE|assist=NONE,0.000000000,False,False,True,PASS
T08,Trajectory,188,47,1,182,LMB,HELD,False,False,False,False,Drawing,Drawing,LATE_UPDATE,CANDIDATE,HAND_MARKER,,,,,,,,,,0.144000000,0.900000000,-4.000000000,0.350000000,0.800000000,0.000000000,0.150000000,0.900000000,-4.000000000,0.615661500,0.000000000,0.788010700,0.144000000,0.900000000,-4.000000000,0.144000000,0.900000000,-4.000000000,0.000000000,True,Dedupe,False,0,3,3,0.160000000,0.160000000,4.840000000,4.840000000,0.160000000,0.160000000,0.000000000,0.000000000,Du03AStrokeSession,reach=1.25|spacing=0.08|dedupe=0.02|min=0.20|ink=5.00,source=HAND_MARKER|phase=LATE_UPDATE|assist=NONE,0.000000000,False,False,True,PASS
T08,Trajectory,189,48,1,183,LMB,HELD,False,False,False,False,Drawing,Drawing,LATE_UPDATE,CANDIDATE,HAND_MARKER,,,,,,,,,,0.145000000,0.900000000,-4.000000000,0.350000000,0.800000000,0.000000000,0.150000000,0.900000000,-4.000000000,0.615661500,0.000000000,0.788010700,0.145000000,0.900000000,-4.000000000,0.145000000,0.900000000,-4.000000000,0.000000000,True,Dedupe,False,0,3,3,0.160000000,0.160000000,4.840000000,4.840000000,0.160000000,0.160000000,0.000000000,0.000000000,Du03AStrokeSession,reach=1.25|spacing=0.08|dedupe=0.02|min=0.20|ink=5.00,source=HAND_MARKER|phase=LATE_UPDATE|assist=NONE,0.000000000,False,False,True,PASS
T08,Trajectory,190,49,1,184,LMB,HELD,False,False,False,False,Drawing,Drawing,LATE_UPDATE,CANDIDATE,HAND_MARKER,,,,,,,,,,0.143000000,0.900000000,-4.000000000,0.350000000,0.800000000,0.000000000,0.150000000,0.900000000,-4.000000000,0.615661500,0.000000000,0.788010700,0.143000000,0.900000000,-4.000000000,0.143000000,0.900000000,-4.000000000,0.000000000,True,Dedupe,False,0,3,3,0.160000000,0.160000000,4.840000000,4.840000000,0.160000000,0.160000000,0.000000000,0.000000000,Du03AStrokeSession,reach=1.25|spacing=0.08|dedupe=0.02|min=0.20|ink=5.00,source=HAND_MARKER|phase=LATE_UPDATE|assist=NONE,0.000000000,False,False,True,PASS
T08,Trajectory,191,50,1,185,LMB,HELD,False,False,False,False,Drawing,Drawing,LATE_UPDATE,CANDIDATE,HAND_MARKER,,,,,,,,,,0.145000000,0.900000000,-4.000000000,0.350000000,0.800000000,0.000000000,0.150000000,0.900000000,-4.000000000,0.615661500,0.000000000,0.788010700,0.145000000,0.900000000,-4.000000000,0.145000000,0.900000000,-4.000000000,0.000000000,True,Dedupe,False,0,3,3,0.160000000,0.160000000,4.840000000,4.840000000,0.160000000,0.160000000,0.000000000,0.000000000,Du03AStrokeSession,reach=1.25|spacing=0.08|dedupe=0.02|min=0.20|ink=5.00,source=HAND_MARKER|phase=LATE_UPDATE|assist=NONE,0.000000000,False,False,True,PASS
T08,Trajectory,192,51,1,186,LMB,HELD,False,False,False,False,Drawing,Drawing,LATE_UPDATE,CANDIDATE,HAND_MARKER,,,,,,,,,,0.143000000,0.900000000,-4.000000000,0.350000000,0.800000000,0.000000000,0.150000000,0.900000000,-4.000000000,0.615661500,0.000000000,0.788010700,0.143000000,0.900000000,-4.000000000,0.143000000,0.900000000,-4.000000000,0.000000000,True,Dedupe,False,0,3,3,0.160000000,0.160000000,4.840000000,4.840000000,0.160000000,0.160000000,0.000000000,0.000000000,Du03AStrokeSession,reach=1.25|spacing=0.08|dedupe=0.02|min=0.20|ink=5.00,source=HAND_MARKER|phase=LATE_UPDATE|assist=NONE,0.000000000,False,False,True,PASS
T08,Trajectory,193,52,1,187,LMB,HELD,False,False,False,False,Drawing,Drawing,LATE_UPDATE,CANDIDATE,HAND_MARKER,,,,,,,,,,0.145000000,0.900000000,-4.000000000,0.350000000,0.800000000,0.000000000,0.150000000,0.900000000,-4.000000000,0.615661500,0.000000000,0.788010700,0.145000000,0.900000000,-4.000000000,0.145000000,0.900000000,-4.000000000,0.000000000,True,Dedupe,False,0,3,3,0.160000000,0.160000000,4.840000000,4.840000000,0.160000000,0.160000000,0.000000000,0.000000000,Du03AStrokeSession,reach=1.25|spacing=0.08|dedupe=0.02|min=0.20|ink=5.00,source=HAND_MARKER|phase=LATE_UPDATE|assist=NONE,0.000000000,False,False,True,PASS
T08,Trajectory,194,53,1,188,LMB,HELD,False,False,False,False,Drawing,Drawing,LATE_UPDATE,CANDIDATE,HAND_MARKER,,,,,,,,,,0.143000000,0.900000000,-4.000000000,0.350000000,0.800000000,0.000000000,0.150000000,0.900000000,-4.000000000,0.615661500,0.000000000,0.788010700,0.143000000,0.900000000,-4.000000000,0.143000000,0.900000000,-4.000000000,0.000000000,True,Dedupe,False,0,3,3,0.160000000,0.160000000,4.840000000,4.840000000,0.160000000,0.160000000,0.000000000,0.000000000,Du03AStrokeSession,reach=1.25|spacing=0.08|dedupe=0.02|min=0.20|ink=5.00,source=HAND_MARKER|phase=LATE_UPDATE|assist=NONE,0.000000000,False,False,True,PASS
T08,Trajectory,195,54,1,189,LMB,HELD,False,False,False,False,Drawing,Drawing,LATE_UPDATE,CANDIDATE,HAND_MARKER,,,,,,,,,,0.144000000,0.900000000,-4.000000000,0.350000000,0.800000000,0.000000000,0.150000000,0.900000000,-4.000000000,0.615661500,0.000000000,0.788010700,0.144000000,0.900000000,-4.000000000,0.144000000,0.900000000,-4.000000000,0.000000000,True,Dedupe,False,0,3,3,0.160000000,0.160000000,4.840000000,4.840000000,0.160000000,0.160000000,0.000000000,0.000000000,Du03AStrokeSession,reach=1.25|spacing=0.08|dedupe=0.02|min=0.20|ink=5.00,source=HAND_MARKER|phase=LATE_UPDATE|assist=NONE,0.000000000,False,False,True,PASS
T08,Trajectory,196,55,1,190,LMB,HELD,False,False,False,False,Drawing,Drawing,LATE_UPDATE,CANDIDATE,HAND_MARKER,,,,,,,,,,0.142000000,0.900000000,-4.000000000,0.350000000,0.800000000,0.000000000,0.150000000,0.900000000,-4.000000000,0.615661500,0.000000000,0.788010700,0.142000000,0.900000000,-4.000000000,0.142000000,0.900000000,-4.000000000,0.000000000,True,Dedupe,False,0,3,3,0.160000000,0.160000000,4.840000000,4.840000000,0.160000000,0.160000000,0.000000000,0.000000000,Du03AStrokeSession,reach=1.25|spacing=0.08|dedupe=0.02|min=0.20|ink=5.00,source=HAND_MARKER|phase=LATE_UPDATE|assist=NONE,0.000000000,False,False,True,PASS
T08,Trajectory,197,56,1,191,LMB,HELD,False,False,False,False,Drawing,Drawing,LATE_UPDATE,CANDIDATE,HAND_MARKER,,,,,,,,,,0.144000000,0.900000000,-4.000000000,0.350000000,0.800000000,0.000000000,0.150000000,0.900000000,-4.000000000,0.615661500,0.000000000,0.788010700,0.144000000,0.900000000,-4.000000000,0.144000000,0.900000000,-4.000000000,0.000000000,True,Dedupe,False,0,3,3,0.160000000,0.160000000,4.840000000,4.840000000,0.160000000,0.160000000,0.000000000,0.000000000,Du03AStrokeSession,reach=1.25|spacing=0.08|dedupe=0.02|min=0.20|ink=5.00,source=HAND_MARKER|phase=LATE_UPDATE|assist=NONE,0.000000000,False,False,True,PASS
T08,Trajectory,198,57,1,192,LMB,HELD,False,False,False,False,Drawing,Drawing,LATE_UPDATE,CANDIDATE,HAND_MARKER,,,,,,,,,,0.142000000,0.900000000,-4.000000000,0.350000000,0.800000000,0.000000000,0.150000000,0.900000000,-4.000000000,0.615661500,0.000000000,0.788010700,0.142000000,0.900000000,-4.000000000,0.142000000,0.900000000,-4.000000000,0.000000000,True,Dedupe,False,0,3,3,0.160000000,0.160000000,4.840000000,4.840000000,0.160000000,0.160000000,0.000000000,0.000000000,Du03AStrokeSession,reach=1.25|spacing=0.08|dedupe=0.02|min=0.20|ink=5.00,source=HAND_MARKER|phase=LATE_UPDATE|assist=NONE,0.000000000,False,False,True,PASS
T08,Trajectory,199,58,1,193,LMB,HELD,False,False,False,False,Drawing,Drawing,LATE_UPDATE,CANDIDATE,HAND_MARKER,,,,,,,,,,0.144000000,0.900000000,-4.000000000,0.350000000,0.800000000,0.000000000,0.150000000,0.900000000,-4.000000000,0.615661500,0.000000000,0.788010700,0.144000000,0.900000000,-4.000000000,0.144000000,0.900000000,-4.000000000,0.000000000,True,Dedupe,False,0,3,3,0.160000000,0.160000000,4.840000000,4.840000000,0.160000000,0.160000000,0.000000000,0.000000000,Du03AStrokeSession,reach=1.25|spacing=0.08|dedupe=0.02|min=0.20|ink=5.00,source=HAND_MARKER|phase=LATE_UPDATE|assist=NONE,0.000000000,False,False,True,PASS
T08,Trajectory,200,59,1,194,LMB,HELD,False,False,False,False,Drawing,Drawing,LATE_UPDATE,CANDIDATE,HAND_MARKER,,,,,,,,,,0.142000000,0.900000000,-4.000000000,0.350000000,0.800000000,0.000000000,0.150000000,0.900000000,-4.000000000,0.615661500,0.000000000,0.788010700,0.142000000,0.900000000,-4.000000000,0.142000000,0.900000000,-4.000000000,0.000000000,True,Dedupe,False,0,3,3,0.160000000,0.160000000,4.840000000,4.840000000,0.160000000,0.160000000,0.000000000,0.000000000,Du03AStrokeSession,reach=1.25|spacing=0.08|dedupe=0.02|min=0.20|ink=5.00,source=HAND_MARKER|phase=LATE_UPDATE|assist=NONE,0.000000000,False,False,True,PASS
T08,Trajectory,201,60,1,195,LMB,HELD,False,False,False,False,Drawing,Drawing,LATE_UPDATE,CANDIDATE,HAND_MARKER,,,,,,,,,,0.143000000,0.900000000,-4.000000000,0.350000000,0.800000000,0.000000000,0.150000000,0.900000000,-4.000000000,0.615661500,0.000000000,0.788010700,0.143000000,0.900000000,-4.000000000,0.143000000,0.900000000,-4.000000000,0.000000000,True,Dedupe,False,0,3,3,0.160000000,0.160000000,4.840000000,4.840000000,0.160000000,0.160000000,0.000000000,0.000000000,Du03AStrokeSession,reach=1.25|spacing=0.08|dedupe=0.02|min=0.20|ink=5.00,source=HAND_MARKER|phase=LATE_UPDATE|assist=NONE,0.000000000,False,False,True,PASS
T08,Trajectory,202,61,1,196,LMB,HELD,False,False,False,False,Drawing,Drawing,LATE_UPDATE,CANDIDATE,HAND_MARKER,,,,,,,,,,0.141000000,0.900000000,-4.000000000,0.350000000,0.800000000,0.000000000,0.150000000,0.900000000,-4.000000000,0.615661500,0.000000000,0.788010700,0.141000000,0.900000000,-4.000000000,0.141000000,0.900000000,-4.000000000,0.000000000,True,Dedupe,False,0,3,3,0.160000000,0.160000000,4.840000000,4.840000000,0.160000000,0.160000000,0.000000000,0.000000000,Du03AStrokeSession,reach=1.25|spacing=0.08|dedupe=0.02|min=0.20|ink=5.00,source=HAND_MARKER|phase=LATE_UPDATE|assist=NONE,0.000000000,False,False,True,PASS
T08,Trajectory,203,62,1,197,LMB,HELD,False,False,False,False,Drawing,Drawing,LATE_UPDATE,CANDIDATE,HAND_MARKER,,,,,,,,,,0.143000000,0.900000000,-4.000000000,0.350000000,0.800000000,0.000000000,0.150000000,0.900000000,-4.000000000,0.615661500,0.000000000,0.788010700,0.143000000,0.900000000,-4.000000000,0.143000000,0.900000000,-4.000000000,0.000000000,True,Dedupe,False,0,3,3,0.160000000,0.160000000,4.840000000,4.840000000,0.160000000,0.160000000,0.000000000,0.000000000,Du03AStrokeSession,reach=1.25|spacing=0.08|dedupe=0.02|min=0.20|ink=5.00,source=HAND_MARKER|phase=LATE_UPDATE|assist=NONE,0.000000000,False,False,True,PASS
T08,Trajectory,204,63,1,198,LMB,HELD,False,False,False,False,Drawing,Drawing,LATE_UPDATE,CANDIDATE,HAND_MARKER,,,,,,,,,,0.141000000,0.900000000,-4.000000000,0.350000000,0.800000000,0.000000000,0.150000000,0.900000000,-4.000000000,0.615661500,0.000000000,0.788010700,0.141000000,0.900000000,-4.000000000,0.141000000,0.900000000,-4.000000000,0.000000000,True,Dedupe,False,0,3,3,0.160000000,0.160000000,4.840000000,4.840000000,0.160000000,0.160000000,0.000000000,0.000000000,Du03AStrokeSession,reach=1.25|spacing=0.08|dedupe=0.02|min=0.20|ink=5.00,source=HAND_MARKER|phase=LATE_UPDATE|assist=NONE,0.000000000,False,False,True,PASS
T08,Trajectory,205,64,1,199,LMB,HELD,False,False,False,False,Drawing,Drawing,LATE_UPDATE,CANDIDATE,HAND_MARKER,,,,,,,,,,0.143000000,0.900000000,-4.000000000,0.350000000,0.800000000,0.000000000,0.150000000,0.900000000,-4.000000000,0.615661500,0.000000000,0.788010700,0.143000000,0.900000000,-4.000000000,0.143000000,0.900000000,-4.000000000,0.000000000,True,Dedupe,False,0,3,3,0.160000000,0.160000000,4.840000000,4.840000000,0.160000000,0.160000000,0.000000000,0.000000000,Du03AStrokeSession,reach=1.25|spacing=0.08|dedupe=0.02|min=0.20|ink=5.00,source=HAND_MARKER|phase=LATE_UPDATE|assist=NONE,0.000000000,False,False,True,PASS
T08,Trajectory,206,65,1,200,LMB,HELD,False,False,False,False,Drawing,Drawing,LATE_UPDATE,CANDIDATE,HAND_MARKER,,,,,,,,,,0.141000000,0.900000000,-4.000000000,0.350000000,0.800000000,0.000000000,0.150000000,0.900000000,-4.000000000,0.615661500,0.000000000,0.788010700,0.141000000,0.900000000,-4.000000000,0.141000000,0.900000000,-4.000000000,0.000000000,True,Dedupe,False,0,3,3,0.160000000,0.160000000,4.840000000,4.840000000,0.160000000,0.160000000,0.000000000,0.000000000,Du03AStrokeSession,reach=1.25|spacing=0.08|dedupe=0.02|min=0.20|ink=5.00,source=HAND_MARKER|phase=LATE_UPDATE|assist=NONE,0.000000000,False,False,True,PASS
T08,Trajectory,207,66,1,201,LMB,HELD,False,False,False,False,Drawing,Drawing,LATE_UPDATE,CANDIDATE,HAND_MARKER,,,,,,,,,,0.142000000,0.900000000,-4.000000000,0.350000000,0.800000000,0.000000000,0.150000000,0.900000000,-4.000000000,0.615661500,0.000000000,0.788010700,0.142000000,0.900000000,-4.000000000,0.142000000,0.900000000,-4.000000000,0.000000000,True,Dedupe,False,0,3,3,0.160000000,0.160000000,4.840000000,4.840000000,0.160000000,0.160000000,0.000000000,0.000000000,Du03AStrokeSession,reach=1.25|spacing=0.08|dedupe=0.02|min=0.20|ink=5.00,source=HAND_MARKER|phase=LATE_UPDATE|assist=NONE,0.000000000,False,False,True,PASS
T08,Trajectory,208,67,1,202,LMB,HELD,False,False,False,False,Drawing,Drawing,LATE_UPDATE,CANDIDATE,HAND_MARKER,,,,,,,,,,0.140000000,0.900000000,-4.000000000,0.350000000,0.800000000,0.000000000,0.150000000,0.900000000,-4.000000000,0.615661500,0.000000000,0.788010700,0.140000000,0.900000000,-4.000000000,0.140000000,0.900000000,-4.000000000,0.000000000,True,Dedupe,False,0,3,3,0.160000000,0.160000000,4.840000000,4.840000000,0.160000000,0.160000000,0.000000000,0.000000000,Du03AStrokeSession,reach=1.25|spacing=0.08|dedupe=0.02|min=0.20|ink=5.00,source=HAND_MARKER|phase=LATE_UPDATE|assist=NONE,0.000000000,False,False,True,PASS
T08,Trajectory,209,68,1,203,LMB,HELD,False,False,False,False,Drawing,Drawing,LATE_UPDATE,CANDIDATE,HAND_MARKER,,,,,,,,,,0.142000000,0.900000000,-4.000000000,0.350000000,0.800000000,0.000000000,0.150000000,0.900000000,-4.000000000,0.615661500,0.000000000,0.788010700,0.142000000,0.900000000,-4.000000000,0.142000000,0.900000000,-4.000000000,0.000000000,True,Dedupe,False,0,3,3,0.160000000,0.160000000,4.840000000,4.840000000,0.160000000,0.160000000,0.000000000,0.000000000,Du03AStrokeSession,reach=1.25|spacing=0.08|dedupe=0.02|min=0.20|ink=5.00,source=HAND_MARKER|phase=LATE_UPDATE|assist=NONE,0.000000000,False,False,True,PASS
T08,Trajectory,210,69,1,204,LMB,HELD,False,False,False,False,Drawing,Drawing,LATE_UPDATE,CANDIDATE,HAND_MARKER,,,,,,,,,,0.140000000,0.900000000,-4.000000000,0.350000000,0.800000000,0.000000000,0.150000000,0.900000000,-4.000000000,0.615661500,0.000000000,0.788010700,0.140000000,0.900000000,-4.000000000,0.140000000,0.900000000,-4.000000000,0.000000000,True,Dedupe,False,0,3,3,0.160000000,0.160000000,4.840000000,4.840000000,0.160000000,0.160000000,0.000000000,0.000000000,Du03AStrokeSession,reach=1.25|spacing=0.08|dedupe=0.02|min=0.20|ink=5.00,source=HAND_MARKER|phase=LATE_UPDATE|assist=NONE,0.000000000,False,False,True,PASS
T08,Trajectory,211,70,1,205,LMB,HELD,False,False,False,False,Drawing,Drawing,LATE_UPDATE,CANDIDATE,HAND_MARKER,,,,,,,,,,0.142000000,0.900000000,-4.000000000,0.350000000,0.800000000,0.000000000,0.150000000,0.900000000,-4.000000000,0.615661500,0.000000000,0.788010700,0.142000000,0.900000000,-4.000000000,0.142000000,0.900000000,-4.000000000,0.000000000,True,Dedupe,False,0,3,3,0.160000000,0.160000000,4.840000000,4.840000000,0.160000000,0.160000000,0.000000000,0.000000000,Du03AStrokeSession,reach=1.25|spacing=0.08|dedupe=0.02|min=0.20|ink=5.00,source=HAND_MARKER|phase=LATE_UPDATE|assist=NONE,0.000000000,False,False,True,PASS
T08,Trajectory,212,71,1,206,LMB,HELD,False,False,False,False,Drawing,Drawing,LATE_UPDATE,CANDIDATE,HAND_MARKER,,,,,,,,,,0.140000000,0.900000000,-4.000000000,0.350000000,0.800000000,0.000000000,0.150000000,0.900000000,-4.000000000,0.615661500,0.000000000,0.788010700,0.140000000,0.900000000,-4.000000000,0.140000000,0.900000000,-4.000000000,0.000000000,True,Dedupe,False,0,3,3,0.160000000,0.160000000,4.840000000,4.840000000,0.160000000,0.160000000,0.000000000,0.000000000,Du03AStrokeSession,reach=1.25|spacing=0.08|dedupe=0.02|min=0.20|ink=5.00,source=HAND_MARKER|phase=LATE_UPDATE|assist=NONE,0.000000000,False,False,True,PASS
T08,Trajectory,213,72,1,207,LMB,HELD,False,False,False,False,Drawing,Drawing,LATE_UPDATE,CANDIDATE,HAND_MARKER,,,,,,,,,,0.141000000,0.900000000,-4.000000000,0.350000000,0.800000000,0.000000000,0.150000000,0.900000000,-4.000000000,0.615661500,0.000000000,0.788010700,0.141000000,0.900000000,-4.000000000,0.141000000,0.900000000,-4.000000000,0.000000000,True,Dedupe,False,0,3,3,0.160000000,0.160000000,4.840000000,4.840000000,0.160000000,0.160000000,0.000000000,0.000000000,Du03AStrokeSession,reach=1.25|spacing=0.08|dedupe=0.02|min=0.20|ink=5.00,source=HAND_MARKER|phase=LATE_UPDATE|assist=NONE,0.000000000,False,False,True,PASS
T08,Trajectory,214,73,1,208,LMB,HELD,False,False,False,False,Drawing,Drawing,LATE_UPDATE,CANDIDATE,HAND_MARKER,,,,,,,,,,0.139000000,0.900000000,-4.000000000,0.350000000,0.800000000,0.000000000,0.150000000,0.900000000,-4.000000000,0.615661500,0.000000000,0.788010700,0.139000000,0.900000000,-4.000000000,0.139000000,0.900000000,-4.000000000,0.000000000,True,Dedupe,False,0,3,3,0.160000000,0.160000000,4.840000000,4.840000000,0.160000000,0.160000000,0.000000000,0.000000000,Du03AStrokeSession,reach=1.25|spacing=0.08|dedupe=0.02|min=0.20|ink=5.00,source=HAND_MARKER|phase=LATE_UPDATE|assist=NONE,0.000000000,False,False,True,PASS
T08,Trajectory,215,74,1,209,LMB,HELD,False,False,False,False,Drawing,Drawing,LATE_UPDATE,CANDIDATE,HAND_MARKER,,,,,,,,,,0.141000000,0.900000000,-4.000000000,0.350000000,0.800000000,0.000000000,0.150000000,0.900000000,-4.000000000,0.615661500,0.000000000,0.788010700,0.141000000,0.900000000,-4.000000000,0.141000000,0.900000000,-4.000000000,0.000000000,True,Dedupe,False,0,3,3,0.160000000,0.160000000,4.840000000,4.840000000,0.160000000,0.160000000,0.000000000,0.000000000,Du03AStrokeSession,reach=1.25|spacing=0.08|dedupe=0.02|min=0.20|ink=5.00,source=HAND_MARKER|phase=LATE_UPDATE|assist=NONE,0.000000000,False,False,True,PASS
T08,Trajectory,216,75,1,210,LMB,HELD,False,False,False,False,Drawing,Drawing,LATE_UPDATE,CANDIDATE,HAND_MARKER,,,,,,,,,,0.139000000,0.900000000,-4.000000000,0.350000000,0.800000000,0.000000000,0.150000000,0.900000000,-4.000000000,0.615661500,0.000000000,0.788010700,0.139000000,0.900000000,-4.000000000,0.139000000,0.900000000,-4.000000000,0.000000000,True,Dedupe,False,0,3,3,0.160000000,0.160000000,4.840000000,4.840000000,0.160000000,0.160000000,0.000000000,0.000000000,Du03AStrokeSession,reach=1.25|spacing=0.08|dedupe=0.02|min=0.20|ink=5.00,source=HAND_MARKER|phase=LATE_UPDATE|assist=NONE,0.000000000,False,False,True,PASS
T08,Trajectory,217,76,1,211,LMB,HELD,False,False,False,False,Drawing,Drawing,LATE_UPDATE,CANDIDATE,HAND_MARKER,,,,,,,,,,0.141000000,0.900000000,-4.000000000,0.350000000,0.800000000,0.000000000,0.150000000,0.900000000,-4.000000000,0.615661500,0.000000000,0.788010700,0.141000000,0.900000000,-4.000000000,0.141000000,0.900000000,-4.000000000,0.000000000,True,Dedupe,False,0,3,3,0.160000000,0.160000000,4.840000000,4.840000000,0.160000000,0.160000000,0.000000000,0.000000000,Du03AStrokeSession,reach=1.25|spacing=0.08|dedupe=0.02|min=0.20|ink=5.00,source=HAND_MARKER|phase=LATE_UPDATE|assist=NONE,0.000000000,False,False,True,PASS
T08,Trajectory,218,77,1,212,LMB,HELD,False,False,False,False,Drawing,Drawing,LATE_UPDATE,CANDIDATE,HAND_MARKER,,,,,,,,,,0.139000000,0.900000000,-4.000000000,0.350000000,0.800000000,0.000000000,0.150000000,0.900000000,-4.000000000,0.615661500,0.000000000,0.788010700,0.139000000,0.900000000,-4.000000000,0.139000000,0.900000000,-4.000000000,0.000000000,True,Dedupe,False,0,3,3,0.160000000,0.160000000,4.840000000,4.840000000,0.160000000,0.160000000,0.000000000,0.000000000,Du03AStrokeSession,reach=1.25|spacing=0.08|dedupe=0.02|min=0.20|ink=5.00,source=HAND_MARKER|phase=LATE_UPDATE|assist=NONE,0.000000000,False,False,True,PASS
T08,Trajectory,219,78,1,213,LMB,HELD,False,False,False,False,Drawing,Drawing,LATE_UPDATE,CANDIDATE,HAND_MARKER,,,,,,,,,,0.141000000,0.900000000,-4.000000000,0.350000000,0.800000000,0.000000000,0.150000000,0.900000000,-4.000000000,0.615661500,0.000000000,0.788010700,0.141000000,0.900000000,-4.000000000,0.141000000,0.900000000,-4.000000000,0.000000000,True,Dedupe,False,0,3,3,0.160000000,0.160000000,4.840000000,4.840000000,0.160000000,0.160000000,0.000000000,0.000000000,Du03AStrokeSession,reach=1.25|spacing=0.08|dedupe=0.02|min=0.20|ink=5.00,source=HAND_MARKER|phase=LATE_UPDATE|assist=NONE,0.000000000,False,False,True,PASS
T08,Trajectory,220,79,1,214,LMB,HELD,False,False,False,False,Drawing,Drawing,LATE_UPDATE,CANDIDATE,HAND_MARKER,,,,,,,,,,0.140000000,0.900000000,-4.000000000,0.350000000,0.800000000,0.000000000,0.150000000,0.900000000,-4.000000000,0.615661500,0.000000000,0.788010700,0.140000000,0.900000000,-4.000000000,0.140000000,0.900000000,-4.000000000,0.000000000,True,Dedupe,False,0,3,3,0.160000000,0.160000000,4.840000000,4.840000000,0.160000000,0.160000000,0.000000000,0.000000000,Du03AStrokeSession,reach=1.25|spacing=0.08|dedupe=0.02|min=0.20|ink=5.00,source=HAND_MARKER|phase=LATE_UPDATE|assist=NONE,0.000000000,False,False,True,PASS
T08,Trajectory,221,80,1,215,LMB,HELD,False,False,False,False,Drawing,Drawing,LATE_UPDATE,CANDIDATE,HAND_MARKER,,,,,,,,,,0.142000000,0.900000000,-4.000000000,0.350000000,0.800000000,0.000000000,0.150000000,0.900000000,-4.000000000,0.615661500,0.000000000,0.788010700,0.142000000,0.900000000,-4.000000000,0.142000000,0.900000000,-4.000000000,0.000000000,True,Dedupe,False,0,3,3,0.160000000,0.160000000,4.840000000,4.840000000,0.160000000,0.160000000,0.000000000,0.000000000,Du03AStrokeSession,reach=1.25|spacing=0.08|dedupe=0.02|min=0.20|ink=5.00,source=HAND_MARKER|phase=LATE_UPDATE|assist=NONE,0.000000000,False,False,True,PASS
T08,Trajectory,222,81,1,216,LMB,HELD,False,False,False,False,Drawing,Drawing,LATE_UPDATE,CANDIDATE,HAND_MARKER,,,,,,,,,,0.140000000,0.900000000,-4.000000000,0.350000000,0.800000000,0.000000000,0.150000000,0.900000000,-4.000000000,0.615661500,0.000000000,0.788010700,0.140000000,0.900000000,-4.000000000,0.140000000,0.900000000,-4.000000000,0.000000000,True,Dedupe,False,0,3,3,0.160000000,0.160000000,4.840000000,4.840000000,0.160000000,0.160000000,0.000000000,0.000000000,Du03AStrokeSession,reach=1.25|spacing=0.08|dedupe=0.02|min=0.20|ink=5.00,source=HAND_MARKER|phase=LATE_UPDATE|assist=NONE,0.000000000,False,False,True,PASS
T08,Trajectory,223,82,1,217,LMB,HELD,False,False,False,False,Drawing,Drawing,LATE_UPDATE,CANDIDATE,HAND_MARKER,,,,,,,,,,0.142000000,0.900000000,-4.000000000,0.350000000,0.800000000,0.000000000,0.150000000,0.900000000,-4.000000000,0.615661500,0.000000000,0.788010700,0.142000000,0.900000000,-4.000000000,0.142000000,0.900000000,-4.000000000,0.000000000,True,Dedupe,False,0,3,3,0.160000000,0.160000000,4.840000000,4.840000000,0.160000000,0.160000000,0.000000000,0.000000000,Du03AStrokeSession,reach=1.25|spacing=0.08|dedupe=0.02|min=0.20|ink=5.00,source=HAND_MARKER|phase=LATE_UPDATE|assist=NONE,0.000000000,False,False,True,PASS
T08,Trajectory,224,83,1,218,LMB,HELD,False,False,False,False,Drawing,Drawing,LATE_UPDATE,CANDIDATE,HAND_MARKER,,,,,,,,,,0.140000000,0.900000000,-4.000000000,0.350000000,0.800000000,0.000000000,0.150000000,0.900000000,-4.000000000,0.615661500,0.000000000,0.788010700,0.140000000,0.900000000,-4.000000000,0.140000000,0.900000000,-4.000000000,0.000000000,True,Dedupe,False,0,3,3,0.160000000,0.160000000,4.840000000,4.840000000,0.160000000,0.160000000,0.000000000,0.000000000,Du03AStrokeSession,reach=1.25|spacing=0.08|dedupe=0.02|min=0.20|ink=5.00,source=HAND_MARKER|phase=LATE_UPDATE|assist=NONE,0.000000000,False,False,True,PASS
T08,Trajectory,225,84,1,219,LMB,HELD,False,False,False,False,Drawing,Drawing,LATE_UPDATE,CANDIDATE,HAND_MARKER,,,,,,,,,,0.142000000,0.900000000,-4.000000000,0.350000000,0.800000000,0.000000000,0.150000000,0.900000000,-4.000000000,0.615661500,0.000000000,0.788010700,0.142000000,0.900000000,-4.000000000,0.142000000,0.900000000,-4.000000000,0.000000000,True,Dedupe,False,0,3,3,0.160000000,0.160000000,4.840000000,4.840000000,0.160000000,0.160000000,0.000000000,0.000000000,Du03AStrokeSession,reach=1.25|spacing=0.08|dedupe=0.02|min=0.20|ink=5.00,source=HAND_MARKER|phase=LATE_UPDATE|assist=NONE,0.000000000,False,False,True,PASS
T08,Trajectory,226,85,1,220,LMB,HELD,False,False,False,False,Drawing,Drawing,LATE_UPDATE,CANDIDATE,HAND_MARKER,,,,,,,,,,0.141000000,0.900000000,-4.000000000,0.350000000,0.800000000,0.000000000,0.150000000,0.900000000,-4.000000000,0.615661500,0.000000000,0.788010700,0.141000000,0.900000000,-4.000000000,0.141000000,0.900000000,-4.000000000,0.000000000,True,Dedupe,False,0,3,3,0.160000000,0.160000000,4.840000000,4.840000000,0.160000000,0.160000000,0.000000000,0.000000000,Du03AStrokeSession,reach=1.25|spacing=0.08|dedupe=0.02|min=0.20|ink=5.00,source=HAND_MARKER|phase=LATE_UPDATE|assist=NONE,0.000000000,False,False,True,PASS
T08,Trajectory,227,86,1,221,LMB,HELD,False,False,False,False,Drawing,Drawing,LATE_UPDATE,CANDIDATE,HAND_MARKER,,,,,,,,,,0.143000000,0.900000000,-4.000000000,0.350000000,0.800000000,0.000000000,0.150000000,0.900000000,-4.000000000,0.615661500,0.000000000,0.788010700,0.143000000,0.900000000,-4.000000000,0.143000000,0.900000000,-4.000000000,0.000000000,True,Dedupe,False,0,3,3,0.160000000,0.160000000,4.840000000,4.840000000,0.160000000,0.160000000,0.000000000,0.000000000,Du03AStrokeSession,reach=1.25|spacing=0.08|dedupe=0.02|min=0.20|ink=5.00,source=HAND_MARKER|phase=LATE_UPDATE|assist=NONE,0.000000000,False,False,True,PASS
T08,Trajectory,228,87,1,222,LMB,HELD,False,False,False,False,Drawing,Drawing,LATE_UPDATE,CANDIDATE,HAND_MARKER,,,,,,,,,,0.141000000,0.900000000,-4.000000000,0.350000000,0.800000000,0.000000000,0.150000000,0.900000000,-4.000000000,0.615661500,0.000000000,0.788010700,0.141000000,0.900000000,-4.000000000,0.141000000,0.900000000,-4.000000000,0.000000000,True,Dedupe,False,0,3,3,0.160000000,0.160000000,4.840000000,4.840000000,0.160000000,0.160000000,0.000000000,0.000000000,Du03AStrokeSession,reach=1.25|spacing=0.08|dedupe=0.02|min=0.20|ink=5.00,source=HAND_MARKER|phase=LATE_UPDATE|assist=NONE,0.000000000,False,False,True,PASS
T08,Trajectory,229,88,1,223,LMB,HELD,False,False,False,False,Drawing,Drawing,LATE_UPDATE,CANDIDATE,HAND_MARKER,,,,,,,,,,0.143000000,0.900000000,-4.000000000,0.350000000,0.800000000,0.000000000,0.150000000,0.900000000,-4.000000000,0.615661500,0.000000000,0.788010700,0.143000000,0.900000000,-4.000000000,0.143000000,0.900000000,-4.000000000,0.000000000,True,Dedupe,False,0,3,3,0.160000000,0.160000000,4.840000000,4.840000000,0.160000000,0.160000000,0.000000000,0.000000000,Du03AStrokeSession,reach=1.25|spacing=0.08|dedupe=0.02|min=0.20|ink=5.00,source=HAND_MARKER|phase=LATE_UPDATE|assist=NONE,0.000000000,False,False,True,PASS
T08,Trajectory,230,89,1,224,LMB,HELD,False,False,False,False,Drawing,Drawing,LATE_UPDATE,CANDIDATE,HAND_MARKER,,,,,,,,,,0.141000000,0.900000000,-4.000000000,0.350000000,0.800000000,0.000000000,0.150000000,0.900000000,-4.000000000,0.615661500,0.000000000,0.788010700,0.141000000,0.900000000,-4.000000000,0.141000000,0.900000000,-4.000000000,0.000000000,True,Dedupe,False,0,3,3,0.160000000,0.160000000,4.840000000,4.840000000,0.160000000,0.160000000,0.000000000,0.000000000,Du03AStrokeSession,reach=1.25|spacing=0.08|dedupe=0.02|min=0.20|ink=5.00,source=HAND_MARKER|phase=LATE_UPDATE|assist=NONE,0.000000000,False,False,True,PASS
T08,Trajectory,231,90,1,225,LMB,HELD,False,False,False,False,Drawing,Drawing,LATE_UPDATE,CANDIDATE,HAND_MARKER,,,,,,,,,,0.143000000,0.900000000,-4.000000000,0.350000000,0.800000000,0.000000000,0.150000000,0.900000000,-4.000000000,0.615661500,0.000000000,0.788010700,0.143000000,0.900000000,-4.000000000,0.143000000,0.900000000,-4.000000000,0.000000000,True,Dedupe,False,0,3,3,0.160000000,0.160000000,4.840000000,4.840000000,0.160000000,0.160000000,0.000000000,0.000000000,Du03AStrokeSession,reach=1.25|spacing=0.08|dedupe=0.02|min=0.20|ink=5.00,source=HAND_MARKER|phase=LATE_UPDATE|assist=NONE,0.000000000,False,False,True,PASS
T08,Trajectory,232,91,1,226,LMB,HELD,False,False,False,False,Drawing,Drawing,LATE_UPDATE,CANDIDATE,HAND_MARKER,,,,,,,,,,0.142000000,0.900000000,-4.000000000,0.350000000,0.800000000,0.000000000,0.150000000,0.900000000,-4.000000000,0.615661500,0.000000000,0.788010700,0.142000000,0.900000000,-4.000000000,0.142000000,0.900000000,-4.000000000,0.000000000,True,Dedupe,False,0,3,3,0.160000000,0.160000000,4.840000000,4.840000000,0.160000000,0.160000000,0.000000000,0.000000000,Du03AStrokeSession,reach=1.25|spacing=0.08|dedupe=0.02|min=0.20|ink=5.00,source=HAND_MARKER|phase=LATE_UPDATE|assist=NONE,0.000000000,False,False,True,PASS
T08,Trajectory,233,92,1,227,LMB,HELD,False,False,False,False,Drawing,Drawing,LATE_UPDATE,CANDIDATE,HAND_MARKER,,,,,,,,,,0.144000000,0.900000000,-4.000000000,0.350000000,0.800000000,0.000000000,0.150000000,0.900000000,-4.000000000,0.615661500,0.000000000,0.788010700,0.144000000,0.900000000,-4.000000000,0.144000000,0.900000000,-4.000000000,0.000000000,True,Dedupe,False,0,3,3,0.160000000,0.160000000,4.840000000,4.840000000,0.160000000,0.160000000,0.000000000,0.000000000,Du03AStrokeSession,reach=1.25|spacing=0.08|dedupe=0.02|min=0.20|ink=5.00,source=HAND_MARKER|phase=LATE_UPDATE|assist=NONE,0.000000000,False,False,True,PASS
T08,Trajectory,234,93,1,228,LMB,HELD,False,False,False,False,Drawing,Drawing,LATE_UPDATE,CANDIDATE,HAND_MARKER,,,,,,,,,,0.142000000,0.900000000,-4.000000000,0.350000000,0.800000000,0.000000000,0.150000000,0.900000000,-4.000000000,0.615661500,0.000000000,0.788010700,0.142000000,0.900000000,-4.000000000,0.142000000,0.900000000,-4.000000000,0.000000000,True,Dedupe,False,0,3,3,0.160000000,0.160000000,4.840000000,4.840000000,0.160000000,0.160000000,0.000000000,0.000000000,Du03AStrokeSession,reach=1.25|spacing=0.08|dedupe=0.02|min=0.20|ink=5.00,source=HAND_MARKER|phase=LATE_UPDATE|assist=NONE,0.000000000,False,False,True,PASS
T08,Trajectory,235,94,1,229,LMB,HELD,False,False,False,False,Drawing,Drawing,LATE_UPDATE,CANDIDATE,HAND_MARKER,,,,,,,,,,0.144000000,0.900000000,-4.000000000,0.350000000,0.800000000,0.000000000,0.150000000,0.900000000,-4.000000000,0.615661500,0.000000000,0.788010700,0.144000000,0.900000000,-4.000000000,0.144000000,0.900000000,-4.000000000,0.000000000,True,Dedupe,False,0,3,3,0.160000000,0.160000000,4.840000000,4.840000000,0.160000000,0.160000000,0.000000000,0.000000000,Du03AStrokeSession,reach=1.25|spacing=0.08|dedupe=0.02|min=0.20|ink=5.00,source=HAND_MARKER|phase=LATE_UPDATE|assist=NONE,0.000000000,False,False,True,PASS
T08,Trajectory,236,95,1,230,LMB,HELD,False,False,False,False,Drawing,Drawing,LATE_UPDATE,CANDIDATE,HAND_MARKER,,,,,,,,,,0.142000000,0.900000000,-4.000000000,0.350000000,0.800000000,0.000000000,0.150000000,0.900000000,-4.000000000,0.615661500,0.000000000,0.788010700,0.142000000,0.900000000,-4.000000000,0.142000000,0.900000000,-4.000000000,0.000000000,True,Dedupe,False,0,3,3,0.160000000,0.160000000,4.840000000,4.840000000,0.160000000,0.160000000,0.000000000,0.000000000,Du03AStrokeSession,reach=1.25|spacing=0.08|dedupe=0.02|min=0.20|ink=5.00,source=HAND_MARKER|phase=LATE_UPDATE|assist=NONE,0.000000000,False,False,True,PASS
T08,Trajectory,237,96,1,231,LMB,HELD,False,False,False,False,Drawing,Drawing,LATE_UPDATE,CANDIDATE,HAND_MARKER,,,,,,,,,,0.144000000,0.900000000,-4.000000000,0.350000000,0.800000000,0.000000000,0.150000000,0.900000000,-4.000000000,0.615661500,0.000000000,0.788010700,0.144000000,0.900000000,-4.000000000,0.144000000,0.900000000,-4.000000000,0.000000000,True,Dedupe,False,0,3,3,0.160000000,0.160000000,4.840000000,4.840000000,0.160000000,0.160000000,0.000000000,0.000000000,Du03AStrokeSession,reach=1.25|spacing=0.08|dedupe=0.02|min=0.20|ink=5.00,source=HAND_MARKER|phase=LATE_UPDATE|assist=NONE,0.000000000,False,False,True,PASS
T08,Trajectory,238,97,1,232,LMB,HELD,False,False,False,False,Drawing,Drawing,LATE_UPDATE,CANDIDATE,HAND_MARKER,,,,,,,,,,0.143000000,0.900000000,-4.000000000,0.350000000,0.800000000,0.000000000,0.150000000,0.900000000,-4.000000000,0.615661500,0.000000000,0.788010700,0.143000000,0.900000000,-4.000000000,0.143000000,0.900000000,-4.000000000,0.000000000,True,Dedupe,False,0,3,3,0.160000000,0.160000000,4.840000000,4.840000000,0.160000000,0.160000000,0.000000000,0.000000000,Du03AStrokeSession,reach=1.25|spacing=0.08|dedupe=0.02|min=0.20|ink=5.00,source=HAND_MARKER|phase=LATE_UPDATE|assist=NONE,0.000000000,False,False,True,PASS
T08,Trajectory,239,98,1,233,LMB,HELD,False,False,False,False,Drawing,Drawing,LATE_UPDATE,CANDIDATE,HAND_MARKER,,,,,,,,,,0.145000000,0.900000000,-4.000000000,0.350000000,0.800000000,0.000000000,0.150000000,0.900000000,-4.000000000,0.615661500,0.000000000,0.788010700,0.145000000,0.900000000,-4.000000000,0.145000000,0.900000000,-4.000000000,0.000000000,True,Dedupe,False,0,3,3,0.160000000,0.160000000,4.840000000,4.840000000,0.160000000,0.160000000,0.000000000,0.000000000,Du03AStrokeSession,reach=1.25|spacing=0.08|dedupe=0.02|min=0.20|ink=5.00,source=HAND_MARKER|phase=LATE_UPDATE|assist=NONE,0.000000000,False,False,True,PASS
T08,Trajectory,240,99,1,234,LMB,HELD,False,False,False,False,Drawing,Drawing,LATE_UPDATE,CANDIDATE,HAND_MARKER,,,,,,,,,,0.143000000,0.900000000,-4.000000000,0.350000000,0.800000000,0.000000000,0.150000000,0.900000000,-4.000000000,0.615661500,0.000000000,0.788010700,0.143000000,0.900000000,-4.000000000,0.143000000,0.900000000,-4.000000000,0.000000000,True,Dedupe,False,0,3,3,0.160000000,0.160000000,4.840000000,4.840000000,0.160000000,0.160000000,0.000000000,0.000000000,Du03AStrokeSession,reach=1.25|spacing=0.08|dedupe=0.02|min=0.20|ink=5.00,source=HAND_MARKER|phase=LATE_UPDATE|assist=NONE,0.000000000,False,False,True,PASS
T08,Trajectory,241,100,1,235,LMB,HELD,False,False,False,False,Drawing,Drawing,LATE_UPDATE,CANDIDATE,HAND_MARKER,,,,,,,,,,0.145000100,0.900000000,-4.000000000,0.350000000,0.800000000,0.000000000,0.150000000,0.900000000,-4.000000000,0.615661500,0.000000000,0.788010700,0.145000100,0.900000000,-4.000000000,0.145000100,0.900000000,-4.000000000,0.000000000,True,Dedupe,False,0,3,3,0.160000000,0.160000000,4.840000000,4.840000000,0.160000000,0.160000000,0.000000000,0.000000000,Du03AStrokeSession,reach=1.25|spacing=0.08|dedupe=0.02|min=0.20|ink=5.00,source=HAND_MARKER|phase=LATE_UPDATE|assist=NONE,0.000000000,False,False,True,PASS
T08,Trajectory,242,101,1,236,LMB,HELD,False,False,False,False,Drawing,Drawing,LATE_UPDATE,CANDIDATE,HAND_MARKER,,,,,,,,,,0.143000000,0.900000000,-4.000000000,0.350000000,0.800000000,0.000000000,0.150000000,0.900000000,-4.000000000,0.615661500,0.000000000,0.788010700,0.143000000,0.900000000,-4.000000000,0.143000000,0.900000000,-4.000000000,0.000000000,True,Dedupe,False,0,3,3,0.160000000,0.160000000,4.840000000,4.840000000,0.160000000,0.160000000,0.000000000,0.000000000,Du03AStrokeSession,reach=1.25|spacing=0.08|dedupe=0.02|min=0.20|ink=5.00,source=HAND_MARKER|phase=LATE_UPDATE|assist=NONE,0.000000000,False,False,True,PASS
T08,Trajectory,243,102,1,237,LMB,HELD,False,False,False,False,Drawing,Drawing,LATE_UPDATE,CANDIDATE,HAND_MARKER,,,,,,,,,,0.145000000,0.900000000,-4.000000000,0.350000000,0.800000000,0.000000000,0.150000000,0.900000000,-4.000000000,0.615661500,0.000000000,0.788010700,0.145000000,0.900000000,-4.000000000,0.145000000,0.900000000,-4.000000000,0.000000000,True,Dedupe,False,0,3,3,0.160000000,0.160000000,4.840000000,4.840000000,0.160000000,0.160000000,0.000000000,0.000000000,Du03AStrokeSession,reach=1.25|spacing=0.08|dedupe=0.02|min=0.20|ink=5.00,source=HAND_MARKER|phase=LATE_UPDATE|assist=NONE,0.000000000,False,False,True,PASS
T08,Trajectory,244,103,1,238,LMB,HELD,False,False,False,False,Drawing,Drawing,LATE_UPDATE,CANDIDATE,HAND_MARKER,,,,,,,,,,0.144000000,0.900000000,-4.000000000,0.350000000,0.800000000,0.000000000,0.150000000,0.900000000,-4.000000000,0.615661500,0.000000000,0.788010700,0.144000000,0.900000000,-4.000000000,0.144000000,0.900000000,-4.000000000,0.000000000,True,Dedupe,False,0,3,3,0.160000000,0.160000000,4.840000000,4.840000000,0.160000000,0.160000000,0.000000000,0.000000000,Du03AStrokeSession,reach=1.25|spacing=0.08|dedupe=0.02|min=0.20|ink=5.00,source=HAND_MARKER|phase=LATE_UPDATE|assist=NONE,0.000000000,False,False,True,PASS
T08,Trajectory,245,104,1,239,LMB,HELD,False,False,False,False,Drawing,Drawing,LATE_UPDATE,CANDIDATE,HAND_MARKER,,,,,,,,,,0.146000000,0.900000000,-4.000000000,0.350000000,0.800000000,0.000000000,0.150000000,0.900000000,-4.000000000,0.615661500,0.000000000,0.788010700,0.146000000,0.900000000,-4.000000000,0.146000000,0.900000000,-4.000000000,0.000000000,True,Dedupe,False,0,3,3,0.160000000,0.160000000,4.840000000,4.840000000,0.160000000,0.160000000,0.000000000,0.000000000,Du03AStrokeSession,reach=1.25|spacing=0.08|dedupe=0.02|min=0.20|ink=5.00,source=HAND_MARKER|phase=LATE_UPDATE|assist=NONE,0.000000000,False,False,True,PASS
T08,Trajectory,246,105,1,240,LMB,HELD,False,False,False,False,Drawing,Drawing,LATE_UPDATE,CANDIDATE,HAND_MARKER,,,,,,,,,,0.144000000,0.900000000,-4.000000000,0.350000000,0.800000000,0.000000000,0.150000000,0.900000000,-4.000000000,0.615661500,0.000000000,0.788010700,0.144000000,0.900000000,-4.000000000,0.144000000,0.900000000,-4.000000000,0.000000000,True,Dedupe,False,0,3,3,0.160000000,0.160000000,4.840000000,4.840000000,0.160000000,0.160000000,0.000000000,0.000000000,Du03AStrokeSession,reach=1.25|spacing=0.08|dedupe=0.02|min=0.20|ink=5.00,source=HAND_MARKER|phase=LATE_UPDATE|assist=NONE,0.000000000,False,False,True,PASS
T08,Trajectory,247,106,1,241,LMB,HELD,False,False,False,False,Drawing,Drawing,LATE_UPDATE,CANDIDATE,HAND_MARKER,,,,,,,,,,0.146000000,0.900000000,-4.000000000,0.350000000,0.800000000,0.000000000,0.150000000,0.900000000,-4.000000000,0.615661500,0.000000000,0.788010700,0.146000000,0.900000000,-4.000000000,0.146000000,0.900000000,-4.000000000,0.000000000,True,Dedupe,False,0,3,3,0.160000000,0.160000000,4.840000000,4.840000000,0.160000000,0.160000000,0.000000000,0.000000000,Du03AStrokeSession,reach=1.25|spacing=0.08|dedupe=0.02|min=0.20|ink=5.00,source=HAND_MARKER|phase=LATE_UPDATE|assist=NONE,0.000000000,False,False,True,PASS
T08,Trajectory,248,107,1,242,LMB,HELD,False,False,False,False,Drawing,Drawing,LATE_UPDATE,CANDIDATE,HAND_MARKER,,,,,,,,,,0.144000000,0.900000000,-4.000000000,0.350000000,0.800000000,0.000000000,0.150000000,0.900000000,-4.000000000,0.615661500,0.000000000,0.788010700,0.144000000,0.900000000,-4.000000000,0.144000000,0.900000000,-4.000000000,0.000000000,True,Dedupe,False,0,3,3,0.160000000,0.160000000,4.840000000,4.840000000,0.160000000,0.160000000,0.000000000,0.000000000,Du03AStrokeSession,reach=1.25|spacing=0.08|dedupe=0.02|min=0.20|ink=5.00,source=HAND_MARKER|phase=LATE_UPDATE|assist=NONE,0.000000000,False,False,True,PASS
T08,Trajectory,249,108,1,243,LMB,HELD,False,False,False,False,Drawing,Drawing,LATE_UPDATE,CANDIDATE,HAND_MARKER,,,,,,,,,,0.146000000,0.900000000,-4.000000000,0.350000000,0.800000000,0.000000000,0.150000000,0.900000000,-4.000000000,0.615661500,0.000000000,0.788010700,0.146000000,0.900000000,-4.000000000,0.146000000,0.900000000,-4.000000000,0.000000000,True,Dedupe,False,0,3,3,0.160000000,0.160000000,4.840000000,4.840000000,0.160000000,0.160000000,0.000000000,0.000000000,Du03AStrokeSession,reach=1.25|spacing=0.08|dedupe=0.02|min=0.20|ink=5.00,source=HAND_MARKER|phase=LATE_UPDATE|assist=NONE,0.000000000,False,False,True,PASS
T08,Trajectory,250,109,1,244,LMB,HELD,False,False,False,False,Drawing,Drawing,LATE_UPDATE,CANDIDATE,HAND_MARKER,,,,,,,,,,0.145000000,0.900000000,-4.000000000,0.350000000,0.800000000,0.000000000,0.150000000,0.900000000,-4.000000000,0.615661500,0.000000000,0.788010700,0.145000000,0.900000000,-4.000000000,0.145000000,0.900000000,-4.000000000,0.000000000,True,Dedupe,False,0,3,3,0.160000000,0.160000000,4.840000000,4.840000000,0.160000000,0.160000000,0.000000000,0.000000000,Du03AStrokeSession,reach=1.25|spacing=0.08|dedupe=0.02|min=0.20|ink=5.00,source=HAND_MARKER|phase=LATE_UPDATE|assist=NONE,0.000000000,False,False,True,PASS
T08,Trajectory,251,110,1,245,LMB,HELD,False,False,False,False,Drawing,Drawing,LATE_UPDATE,CANDIDATE,HAND_MARKER,,,,,,,,,,0.147000000,0.900000000,-4.000000000,0.350000000,0.800000000,0.000000000,0.150000000,0.900000000,-4.000000000,0.615661500,0.000000000,0.788010700,0.147000000,0.900000000,-4.000000000,0.147000000,0.900000000,-4.000000000,0.000000000,True,Dedupe,False,0,3,3,0.160000000,0.160000000,4.840000000,4.840000000,0.160000000,0.160000000,0.000000000,0.000000000,Du03AStrokeSession,reach=1.25|spacing=0.08|dedupe=0.02|min=0.20|ink=5.00,source=HAND_MARKER|phase=LATE_UPDATE|assist=NONE,0.000000000,False,False,True,PASS
T08,Trajectory,252,111,1,246,LMB,HELD,False,False,False,False,Drawing,Drawing,LATE_UPDATE,CANDIDATE,HAND_MARKER,,,,,,,,,,0.145000000,0.900000000,-4.000000000,0.350000000,0.800000000,0.000000000,0.150000000,0.900000000,-4.000000000,0.615661500,0.000000000,0.788010700,0.145000000,0.900000000,-4.000000000,0.145000000,0.900000000,-4.000000000,0.000000000,True,Dedupe,False,0,3,3,0.160000000,0.160000000,4.840000000,4.840000000,0.160000000,0.160000000,0.000000000,0.000000000,Du03AStrokeSession,reach=1.25|spacing=0.08|dedupe=0.02|min=0.20|ink=5.00,source=HAND_MARKER|phase=LATE_UPDATE|assist=NONE,0.000000000,False,False,True,PASS
T08,Trajectory,253,112,1,247,LMB,HELD,False,False,False,False,Drawing,Drawing,LATE_UPDATE,CANDIDATE,HAND_MARKER,,,,,,,,,,0.147000100,0.900000000,-4.000000000,0.350000000,0.800000000,0.000000000,0.150000000,0.900000000,-4.000000000,0.615661500,0.000000000,0.788010700,0.147000100,0.900000000,-4.000000000,0.147000100,0.900000000,-4.000000000,0.000000000,True,Dedupe,False,0,3,3,0.160000000,0.160000000,4.840000000,4.840000000,0.160000000,0.160000000,0.000000000,0.000000000,Du03AStrokeSession,reach=1.25|spacing=0.08|dedupe=0.02|min=0.20|ink=5.00,source=HAND_MARKER|phase=LATE_UPDATE|assist=NONE,0.000000000,False,False,True,PASS
T08,Trajectory,254,113,1,248,LMB,HELD,False,False,False,False,Drawing,Drawing,LATE_UPDATE,CANDIDATE,HAND_MARKER,,,,,,,,,,0.145000000,0.900000000,-4.000000000,0.350000000,0.800000000,0.000000000,0.150000000,0.900000000,-4.000000000,0.615661500,0.000000000,0.788010700,0.145000000,0.900000000,-4.000000000,0.145000000,0.900000000,-4.000000000,0.000000000,True,Dedupe,False,0,3,3,0.160000000,0.160000000,4.840000000,4.840000000,0.160000000,0.160000000,0.000000000,0.000000000,Du03AStrokeSession,reach=1.25|spacing=0.08|dedupe=0.02|min=0.20|ink=5.00,source=HAND_MARKER|phase=LATE_UPDATE|assist=NONE,0.000000000,False,False,True,PASS
T08,Trajectory,255,114,1,249,LMB,HELD,False,False,False,False,Drawing,Drawing,LATE_UPDATE,CANDIDATE,HAND_MARKER,,,,,,,,,,0.147000000,0.900000000,-4.000000000,0.350000000,0.800000000,0.000000000,0.150000000,0.900000000,-4.000000000,0.615661500,0.000000000,0.788010700,0.147000000,0.900000000,-4.000000000,0.147000000,0.900000000,-4.000000000,0.000000000,True,Dedupe,False,0,3,3,0.160000000,0.160000000,4.840000000,4.840000000,0.160000000,0.160000000,0.000000000,0.000000000,Du03AStrokeSession,reach=1.25|spacing=0.08|dedupe=0.02|min=0.20|ink=5.00,source=HAND_MARKER|phase=LATE_UPDATE|assist=NONE,0.000000000,False,False,True,PASS
T08,Trajectory,256,115,1,250,LMB,HELD,False,False,False,False,Drawing,Drawing,LATE_UPDATE,CANDIDATE,HAND_MARKER,,,,,,,,,,0.146000000,0.900000000,-4.000000000,0.350000000,0.800000000,0.000000000,0.150000000,0.900000000,-4.000000000,0.615661500,0.000000000,0.788010700,0.146000000,0.900000000,-4.000000000,0.146000000,0.900000000,-4.000000000,0.000000000,True,Dedupe,False,0,3,3,0.160000000,0.160000000,4.840000000,4.840000000,0.160000000,0.160000000,0.000000000,0.000000000,Du03AStrokeSession,reach=1.25|spacing=0.08|dedupe=0.02|min=0.20|ink=5.00,source=HAND_MARKER|phase=LATE_UPDATE|assist=NONE,0.000000000,False,False,True,PASS
T08,Trajectory,257,116,1,251,LMB,HELD,False,False,False,False,Drawing,Drawing,LATE_UPDATE,CANDIDATE,HAND_MARKER,,,,,,,,,,0.148000000,0.900000000,-4.000000000,0.350000000,0.800000000,0.000000000,0.150000000,0.900000000,-4.000000000,0.615661500,0.000000000,0.788010700,0.148000000,0.900000000,-4.000000000,0.148000000,0.900000000,-4.000000000,0.000000000,True,Dedupe,False,0,3,3,0.160000000,0.160000000,4.840000000,4.840000000,0.160000000,0.160000000,0.000000000,0.000000000,Du03AStrokeSession,reach=1.25|spacing=0.08|dedupe=0.02|min=0.20|ink=5.00,source=HAND_MARKER|phase=LATE_UPDATE|assist=NONE,0.000000000,False,False,True,PASS
T08,Trajectory,258,117,1,252,LMB,HELD,False,False,False,False,Drawing,Drawing,LATE_UPDATE,CANDIDATE,HAND_MARKER,,,,,,,,,,0.146000000,0.900000000,-4.000000000,0.350000000,0.800000000,0.000000000,0.150000000,0.900000000,-4.000000000,0.615661500,0.000000000,0.788010700,0.146000000,0.900000000,-4.000000000,0.146000000,0.900000000,-4.000000000,0.000000000,True,Dedupe,False,0,3,3,0.160000000,0.160000000,4.840000000,4.840000000,0.160000000,0.160000000,0.000000000,0.000000000,Du03AStrokeSession,reach=1.25|spacing=0.08|dedupe=0.02|min=0.20|ink=5.00,source=HAND_MARKER|phase=LATE_UPDATE|assist=NONE,0.000000000,False,False,True,PASS
T08,Trajectory,259,118,1,253,LMB,HELD,False,False,False,False,Drawing,Drawing,LATE_UPDATE,CANDIDATE,HAND_MARKER,,,,,,,,,,0.148000000,0.900000000,-4.000000000,0.350000000,0.800000000,0.000000000,0.150000000,0.900000000,-4.000000000,0.615661500,0.000000000,0.788010700,0.148000000,0.900000000,-4.000000000,0.148000000,0.900000000,-4.000000000,0.000000000,True,Dedupe,False,0,3,3,0.160000000,0.160000000,4.840000000,4.840000000,0.160000000,0.160000000,0.000000000,0.000000000,Du03AStrokeSession,reach=1.25|spacing=0.08|dedupe=0.02|min=0.20|ink=5.00,source=HAND_MARKER|phase=LATE_UPDATE|assist=NONE,0.000000000,False,False,True,PASS
T08,Trajectory,260,119,1,254,LMB,HELD,False,False,False,False,Drawing,Drawing,LATE_UPDATE,CANDIDATE,HAND_MARKER,,,,,,,,,,0.146000000,0.900000000,-4.000000000,0.350000000,0.800000000,0.000000000,0.150000000,0.900000000,-4.000000000,0.615661500,0.000000000,0.788010700,0.146000000,0.900000000,-4.000000000,0.146000000,0.900000000,-4.000000000,0.000000000,True,Dedupe,False,0,3,3,0.160000000,0.160000000,4.840000000,4.840000000,0.160000000,0.160000000,0.000000000,0.000000000,Du03AStrokeSession,reach=1.25|spacing=0.08|dedupe=0.02|min=0.20|ink=5.00,source=HAND_MARKER|phase=LATE_UPDATE|assist=NONE,0.000000000,False,False,True,PASS
T08,Trajectory,261,120,1,255,LMB,HELD,False,False,False,False,Drawing,Drawing,LATE_UPDATE,CANDIDATE,HAND_MARKER,,,,,,,,,,0.148000000,0.900000000,-4.000000000,0.350000000,0.800000000,0.000000000,0.150000000,0.900000000,-4.000000000,0.615661500,0.000000000,0.788010700,0.148000000,0.900000000,-4.000000000,0.148000000,0.900000000,-4.000000000,0.000000000,True,Dedupe,False,0,3,3,0.160000000,0.160000000,4.840000000,4.840000000,0.160000000,0.160000000,0.000000000,0.000000000,Du03AStrokeSession,reach=1.25|spacing=0.08|dedupe=0.02|min=0.20|ink=5.00,source=HAND_MARKER|phase=LATE_UPDATE|assist=NONE,0.000000000,False,False,True,PASS
T08,Trajectory,262,121,1,256,LMB,HELD,False,False,False,False,Drawing,Drawing,LATE_UPDATE,CANDIDATE,HAND_MARKER,,,,,,,,,,0.147000000,0.900000000,-4.000000000,0.350000000,0.800000000,0.000000000,0.150000000,0.900000000,-4.000000000,0.615661500,0.000000000,0.788010700,0.147000000,0.900000000,-4.000000000,0.147000000,0.900000000,-4.000000000,0.000000000,True,Dedupe,False,0,3,3,0.160000000,0.160000000,4.840000000,4.840000000,0.160000000,0.160000000,0.000000000,0.000000000,Du03AStrokeSession,reach=1.25|spacing=0.08|dedupe=0.02|min=0.20|ink=5.00,source=HAND_MARKER|phase=LATE_UPDATE|assist=NONE,0.000000000,False,False,True,PASS
T08,Trajectory,263,122,1,257,LMB,HELD,False,False,False,False,Drawing,Drawing,LATE_UPDATE,CANDIDATE,HAND_MARKER,,,,,,,,,,0.149000000,0.900000000,-4.000000000,0.350000000,0.800000000,0.000000000,0.150000000,0.900000000,-4.000000000,0.615661500,0.000000000,0.788010700,0.149000000,0.900000000,-4.000000000,0.149000000,0.900000000,-4.000000000,0.000000000,True,Dedupe,False,0,3,3,0.160000000,0.160000000,4.840000000,4.840000000,0.160000000,0.160000000,0.000000000,0.000000000,Du03AStrokeSession,reach=1.25|spacing=0.08|dedupe=0.02|min=0.20|ink=5.00,source=HAND_MARKER|phase=LATE_UPDATE|assist=NONE,0.000000000,False,False,True,PASS
T08,Trajectory,264,123,1,258,LMB,HELD,False,False,False,False,Drawing,Drawing,LATE_UPDATE,CANDIDATE,HAND_MARKER,,,,,,,,,,0.147000000,0.900000000,-4.000000000,0.350000000,0.800000000,0.000000000,0.150000000,0.900000000,-4.000000000,0.615661500,0.000000000,0.788010700,0.147000000,0.900000000,-4.000000000,0.147000000,0.900000000,-4.000000000,0.000000000,True,Dedupe,False,0,3,3,0.160000000,0.160000000,4.840000000,4.840000000,0.160000000,0.160000000,0.000000000,0.000000000,Du03AStrokeSession,reach=1.25|spacing=0.08|dedupe=0.02|min=0.20|ink=5.00,source=HAND_MARKER|phase=LATE_UPDATE|assist=NONE,0.000000000,False,False,True,PASS
T08,Trajectory,265,124,1,259,LMB,HELD,False,False,False,False,Drawing,Drawing,LATE_UPDATE,CANDIDATE,HAND_MARKER,,,,,,,,,,0.149000100,0.900000000,-4.000000000,0.350000000,0.800000000,0.000000000,0.150000000,0.900000000,-4.000000000,0.615661500,0.000000000,0.788010700,0.149000100,0.900000000,-4.000000000,0.149000100,0.900000000,-4.000000000,0.000000000,True,Dedupe,False,0,3,3,0.160000000,0.160000000,4.840000000,4.840000000,0.160000000,0.160000000,0.000000000,0.000000000,Du03AStrokeSession,reach=1.25|spacing=0.08|dedupe=0.02|min=0.20|ink=5.00,source=HAND_MARKER|phase=LATE_UPDATE|assist=NONE,0.000000000,False,False,True,PASS
T08,Trajectory,266,125,1,260,LMB,HELD,False,False,False,False,Drawing,Drawing,LATE_UPDATE,CANDIDATE,HAND_MARKER,,,,,,,,,,0.147000000,0.900000000,-4.000000000,0.350000000,0.800000000,0.000000000,0.150000000,0.900000000,-4.000000000,0.615661500,0.000000000,0.788010700,0.147000000,0.900000000,-4.000000000,0.147000000,0.900000000,-4.000000000,0.000000000,True,Dedupe,False,0,3,3,0.160000000,0.160000000,4.840000000,4.840000000,0.160000000,0.160000000,0.000000000,0.000000000,Du03AStrokeSession,reach=1.25|spacing=0.08|dedupe=0.02|min=0.20|ink=5.00,source=HAND_MARKER|phase=LATE_UPDATE|assist=NONE,0.000000000,False,False,True,PASS
T08,Trajectory,267,126,1,261,LMB,HELD,False,False,False,False,Drawing,Drawing,LATE_UPDATE,CANDIDATE,HAND_MARKER,,,,,,,,,,0.149000000,0.900000000,-4.000000000,0.350000000,0.800000000,0.000000000,0.150000000,0.900000000,-4.000000000,0.615661500,0.000000000,0.788010700,0.149000000,0.900000000,-4.000000000,0.149000000,0.900000000,-4.000000000,0.000000000,True,Dedupe,False,0,3,3,0.160000000,0.160000000,4.840000000,4.840000000,0.160000000,0.160000000,0.000000000,0.000000000,Du03AStrokeSession,reach=1.25|spacing=0.08|dedupe=0.02|min=0.20|ink=5.00,source=HAND_MARKER|phase=LATE_UPDATE|assist=NONE,0.000000000,False,False,True,PASS
T08,Trajectory,268,127,1,262,LMB,HELD,False,False,False,False,Drawing,Drawing,LATE_UPDATE,CANDIDATE,HAND_MARKER,,,,,,,,,,0.148000000,0.900000000,-4.000000000,0.350000000,0.800000000,0.000000000,0.150000000,0.900000000,-4.000000000,0.615661500,0.000000000,0.788010700,0.148000000,0.900000000,-4.000000000,0.148000000,0.900000000,-4.000000000,0.000000000,True,Dedupe,False,0,3,3,0.160000000,0.160000000,4.840000000,4.840000000,0.160000000,0.160000000,0.000000000,0.000000000,Du03AStrokeSession,reach=1.25|spacing=0.08|dedupe=0.02|min=0.20|ink=5.00,source=HAND_MARKER|phase=LATE_UPDATE|assist=NONE,0.000000000,False,False,True,PASS
T08,Trajectory,269,128,1,263,LMB,HELD,False,False,False,False,Drawing,Drawing,LATE_UPDATE,CANDIDATE,HAND_MARKER,,,,,,,,,,0.150000100,0.900000000,-4.000000000,0.350000000,0.800000000,0.000000000,0.150000000,0.900000000,-4.000000000,0.615661500,0.000000000,0.788010700,0.150000100,0.900000000,-4.000000000,0.150000100,0.900000000,-4.000000000,0.000000000,True,Dedupe,False,0,3,3,0.160000000,0.160000000,4.840000000,4.840000000,0.160000000,0.160000000,0.000000000,0.000000000,Du03AStrokeSession,reach=1.25|spacing=0.08|dedupe=0.02|min=0.20|ink=5.00,source=HAND_MARKER|phase=LATE_UPDATE|assist=NONE,0.000000000,False,False,True,PASS
T08,Trajectory,270,129,1,264,LMB,HELD,False,False,False,False,Drawing,Drawing,LATE_UPDATE,CANDIDATE,HAND_MARKER,,,,,,,,,,0.148000000,0.900000000,-4.000000000,0.350000000,0.800000000,0.000000000,0.150000000,0.900000000,-4.000000000,0.615661500,0.000000000,0.788010700,0.148000000,0.900000000,-4.000000000,0.148000000,0.900000000,-4.000000000,0.000000000,True,Dedupe,False,0,3,3,0.160000000,0.160000000,4.840000000,4.840000000,0.160000000,0.160000000,0.000000000,0.000000000,Du03AStrokeSession,reach=1.25|spacing=0.08|dedupe=0.02|min=0.20|ink=5.00,source=HAND_MARKER|phase=LATE_UPDATE|assist=NONE,0.000000000,False,False,True,PASS
T08,Trajectory,271,130,1,265,LMB,HELD,False,False,False,False,Drawing,Drawing,LATE_UPDATE,CANDIDATE,HAND_MARKER,,,,,,,,,,0.150000100,0.900000000,-4.000000000,0.350000000,0.800000000,0.000000000,0.150000000,0.900000000,-4.000000000,0.615661500,0.000000000,0.788010700,0.150000100,0.900000000,-4.000000000,0.150000100,0.900000000,-4.000000000,0.000000000,True,Dedupe,False,0,3,3,0.160000000,0.160000000,4.840000000,4.840000000,0.160000000,0.160000000,0.000000000,0.000000000,Du03AStrokeSession,reach=1.25|spacing=0.08|dedupe=0.02|min=0.20|ink=5.00,source=HAND_MARKER|phase=LATE_UPDATE|assist=NONE,0.000000000,False,False,True,PASS
T08,Trajectory,272,131,1,266,LMB,HELD,False,False,False,False,Drawing,Drawing,LATE_UPDATE,CANDIDATE,HAND_MARKER,,,,,,,,,,0.148000000,0.900000000,-4.000000000,0.350000000,0.800000000,0.000000000,0.150000000,0.900000000,-4.000000000,0.615661500,0.000000000,0.788010700,0.148000000,0.900000000,-4.000000000,0.148000000,0.900000000,-4.000000000,0.000000000,True,Dedupe,False,0,3,3,0.160000000,0.160000000,4.840000000,4.840000000,0.160000000,0.160000000,0.000000000,0.000000000,Du03AStrokeSession,reach=1.25|spacing=0.08|dedupe=0.02|min=0.20|ink=5.00,source=HAND_MARKER|phase=LATE_UPDATE|assist=NONE,0.000000000,False,False,True,PASS
T09,Trajectory,273,132,1,267,LMB,RELEASED,False,True,False,False,Drawing,Idle,LATE_UPDATE,CANDIDATE>RELEASE,HAND_MARKER,,,,,,,,,,0.229000000,0.900000000,-4.000000000,0.350000000,0.800000000,0.000000000,0.150000000,0.900000000,-4.000000000,0.615661500,0.000000000,0.788010700,0.229000000,0.900000000,-4.000000000,0.229000000,0.900000000,-4.000000000,0.000000000,True,SpacingNotReached,False,0,3,0,0.160000000,0.000000000,4.840000000,5.000000000,0.160000000,0.000000000,0.000000000,0.000000000,Du03AStrokeSession,reach=1.25|spacing=0.08|dedupe=0.02|min=0.20|ink=5.00,source=HAND_MARKER|phase=LATE_UPDATE|assist=NONE,0.000000000,False,False,False,PASS
T10,Trajectory,274,133,0,268,NONE,NONE,False,False,False,False,Idle,Idle,NONE,NONE,HAND_MARKER,,,,,,,,,,0.229000000,0.900000000,-4.000000000,0.350000000,0.800000000,0.000000000,0.150000000,0.900000000,-4.000000000,0.615661500,0.000000000,0.788010700,,,,,,,,False,Appended,False,0,0,0,0.000000000,0.000000000,5.000000000,5.000000000,0.000000000,0.000000000,0.000000000,0.000000000,Du03AStrokeSession,reach=1.25|spacing=0.08|dedupe=0.02|min=0.20|ink=5.00,source=HAND_MARKER|phase=LATE_UPDATE|assist=NONE,0.000000000,False,False,True,PASS
T11,Trajectory,277,3,1,271,LMB,HELD,False,False,False,False,Drawing,Drawing,LATE_UPDATE,CANDIDATE,HAND_MARKER,,,,,,,,,,-1.071000000,0.900000000,-4.000000000,0.350000000,0.800000000,0.000000000,0.229000000,0.900000000,-4.000000000,0.615661500,0.000000000,0.788010700,-1.071000000,0.900000000,-4.000000000,-1.071000000,0.900000000,-4.000000000,0.000000000,True,Appended,True,26,15,41,1.120000000,3.200000000,3.880000000,1.800000000,1.120000000,3.200000000,0.000000000,0.000000000,Du03AStrokeSession,reach=1.25|spacing=0.08|dedupe=0.02|min=0.20|ink=5.00,source=HAND_MARKER|phase=LATE_UPDATE|assist=NONE,0.000000000,False,False,False,PASS
T12,Trajectory,,,,,,,,,,,Idle,Idle,DIRECT,RESET,HAND_MARKER,,,,,,,,,,,,,,,,,,,,,,,,,,,,,True,RESET,False,,,,,,,,,,,,Du03AStrokeSession,reach=1.25|spacing=0.08|dedupe=0.02|min=0.20|ink=5.00,source=HAND_MARKER|phase=LATE_UPDATE|assist=NONE,,False,False,True,PASS
P01_BACKEND_PARITY_AIM,Aim,,,,,,,,,,,Idle,Idle,DIRECT,IDENTICAL_WORLD_SEQUENCE,MOUSE_RAY,,,,,,,,,,,,,,,,,,,,,,,,,,,,,True,IDENTICAL_WORLD_SEQUENCE,False,,,,,,,,,,,,Du03AStrokeSession,reach=1.25|spacing=0.08|dedupe=0.02|min=0.20|ink=5.00,source=MOUSE_RAY|phase=LATE_UPDATE|assist=NONE,,False,False,True,PASS
P01_BACKEND_PARITY_TRAJECTORY,Trajectory,,,,,,,,,,,Idle,Idle,DIRECT,IDENTICAL_WORLD_SEQUENCE,HAND_MARKER,,,,,,,,,,,,,,,,,,,,,,,,,,,,,True,IDENTICAL_WORLD_SEQUENCE,False,,,,,,,,,,,,Du03AStrokeSession,reach=1.25|spacing=0.08|dedupe=0.02|min=0.20|ink=5.00,source=HAND_MARKER|phase=LATE_UPDATE|assist=NONE,,False,False,True,PASS
COURSE_T1Horizontal_1,Aim,,,,,,,,,,,Idle,Idle,DIRECT,TECHNICAL_COURSE_PASS,MOUSE_RAY,,,,,,,,,,,,,,,,,,,,,,,,,,,,,True,TECHNICAL_COURSE_PASS,False,,,,,,,,,,,,Du03AStrokeSession,reach=1.25|spacing=0.08|dedupe=0.02|min=0.20|ink=5.00,source=MOUSE_RAY|phase=LATE_UPDATE|assist=NONE,,False,False,True,PASS
COURSE_T1Horizontal_2,Aim,,,,,,,,,,,Idle,Idle,DIRECT,TECHNICAL_COURSE_PASS,MOUSE_RAY,,,,,,,,,,,,,,,,,,,,,,,,,,,,,True,TECHNICAL_COURSE_PASS,False,,,,,,,,,,,,Du03AStrokeSession,reach=1.25|spacing=0.08|dedupe=0.02|min=0.20|ink=5.00,source=MOUSE_RAY|phase=LATE_UPDATE|assist=NONE,,False,False,True,PASS
COURSE_T1Horizontal_3,Aim,,,,,,,,,,,Idle,Idle,DIRECT,TECHNICAL_COURSE_PASS,MOUSE_RAY,,,,,,,,,,,,,,,,,,,,,,,,,,,,,True,TECHNICAL_COURSE_PASS,False,,,,,,,,,,,,Du03AStrokeSession,reach=1.25|spacing=0.08|dedupe=0.02|min=0.20|ink=5.00,source=MOUSE_RAY|phase=LATE_UPDATE|assist=NONE,,False,False,True,PASS
COURSE_T2Rising_1,Aim,,,,,,,,,,,Idle,Idle,DIRECT,TECHNICAL_COURSE_PASS,MOUSE_RAY,,,,,,,,,,,,,,,,,,,,,,,,,,,,,True,TECHNICAL_COURSE_PASS,False,,,,,,,,,,,,Du03AStrokeSession,reach=1.25|spacing=0.08|dedupe=0.02|min=0.20|ink=5.00,source=MOUSE_RAY|phase=LATE_UPDATE|assist=NONE,,False,False,True,PASS
COURSE_T2Rising_2,Aim,,,,,,,,,,,Idle,Idle,DIRECT,TECHNICAL_COURSE_PASS,MOUSE_RAY,,,,,,,,,,,,,,,,,,,,,,,,,,,,,True,TECHNICAL_COURSE_PASS,False,,,,,,,,,,,,Du03AStrokeSession,reach=1.25|spacing=0.08|dedupe=0.02|min=0.20|ink=5.00,source=MOUSE_RAY|phase=LATE_UPDATE|assist=NONE,,False,False,True,PASS
COURSE_T2Rising_3,Aim,,,,,,,,,,,Idle,Idle,DIRECT,TECHNICAL_COURSE_PASS,MOUSE_RAY,,,,,,,,,,,,,,,,,,,,,,,,,,,,,True,TECHNICAL_COURSE_PASS,False,,,,,,,,,,,,Du03AStrokeSession,reach=1.25|spacing=0.08|dedupe=0.02|min=0.20|ink=5.00,source=MOUSE_RAY|phase=LATE_UPDATE|assist=NONE,,False,False,True,PASS
COURSE_T3Bridge_1,Aim,,,,,,,,,,,Idle,Idle,DIRECT,TECHNICAL_COURSE_PASS,MOUSE_RAY,,,,,,,,,,,,,,,,,,,,,,,,,,,,,True,TECHNICAL_COURSE_PASS,False,,,,,,,,,,,,Du03AStrokeSession,reach=1.25|spacing=0.08|dedupe=0.02|min=0.20|ink=5.00,source=MOUSE_RAY|phase=LATE_UPDATE|assist=NONE,,False,False,True,PASS
COURSE_T3Bridge_2,Aim,,,,,,,,,,,Idle,Idle,DIRECT,TECHNICAL_COURSE_PASS,MOUSE_RAY,,,,,,,,,,,,,,,,,,,,,,,,,,,,,True,TECHNICAL_COURSE_PASS,False,,,,,,,,,,,,Du03AStrokeSession,reach=1.25|spacing=0.08|dedupe=0.02|min=0.20|ink=5.00,source=MOUSE_RAY|phase=LATE_UPDATE|assist=NONE,,False,False,True,PASS
COURSE_T3Bridge_3,Aim,,,,,,,,,,,Idle,Idle,DIRECT,TECHNICAL_COURSE_PASS,MOUSE_RAY,,,,,,,,,,,,,,,,,,,,,,,,,,,,,True,TECHNICAL_COURSE_PASS,False,,,,,,,,,,,,Du03AStrokeSession,reach=1.25|spacing=0.08|dedupe=0.02|min=0.20|ink=5.00,source=MOUSE_RAY|phase=LATE_UPDATE|assist=NONE,,False,False,True,PASS
COURSE_T1Horizontal_1,Trajectory,,,,,,,,,,,Idle,Idle,DIRECT,TECHNICAL_COURSE_PASS,HAND_MARKER,,,,,,,,,,,,,,,,,,,,,,,,,,,,,True,TECHNICAL_COURSE_PASS,False,,,,,,,,,,,,Du03AStrokeSession,reach=1.25|spacing=0.08|dedupe=0.02|min=0.20|ink=5.00,source=HAND_MARKER|phase=LATE_UPDATE|assist=NONE,,False,False,True,PASS
COURSE_T1Horizontal_2,Trajectory,,,,,,,,,,,Idle,Idle,DIRECT,TECHNICAL_COURSE_PASS,HAND_MARKER,,,,,,,,,,,,,,,,,,,,,,,,,,,,,True,TECHNICAL_COURSE_PASS,False,,,,,,,,,,,,Du03AStrokeSession,reach=1.25|spacing=0.08|dedupe=0.02|min=0.20|ink=5.00,source=HAND_MARKER|phase=LATE_UPDATE|assist=NONE,,False,False,True,PASS
COURSE_T1Horizontal_3,Trajectory,,,,,,,,,,,Idle,Idle,DIRECT,TECHNICAL_COURSE_PASS,HAND_MARKER,,,,,,,,,,,,,,,,,,,,,,,,,,,,,True,TECHNICAL_COURSE_PASS,False,,,,,,,,,,,,Du03AStrokeSession,reach=1.25|spacing=0.08|dedupe=0.02|min=0.20|ink=5.00,source=HAND_MARKER|phase=LATE_UPDATE|assist=NONE,,False,False,True,PASS
COURSE_T2Rising_1,Trajectory,,,,,,,,,,,Idle,Idle,DIRECT,TECHNICAL_COURSE_PASS,HAND_MARKER,,,,,,,,,,,,,,,,,,,,,,,,,,,,,True,TECHNICAL_COURSE_PASS,False,,,,,,,,,,,,Du03AStrokeSession,reach=1.25|spacing=0.08|dedupe=0.02|min=0.20|ink=5.00,source=HAND_MARKER|phase=LATE_UPDATE|assist=NONE,,False,False,True,PASS
COURSE_T2Rising_2,Trajectory,,,,,,,,,,,Idle,Idle,DIRECT,TECHNICAL_COURSE_PASS,HAND_MARKER,,,,,,,,,,,,,,,,,,,,,,,,,,,,,True,TECHNICAL_COURSE_PASS,False,,,,,,,,,,,,Du03AStrokeSession,reach=1.25|spacing=0.08|dedupe=0.02|min=0.20|ink=5.00,source=HAND_MARKER|phase=LATE_UPDATE|assist=NONE,,False,False,True,PASS
COURSE_T2Rising_3,Trajectory,,,,,,,,,,,Idle,Idle,DIRECT,TECHNICAL_COURSE_PASS,HAND_MARKER,,,,,,,,,,,,,,,,,,,,,,,,,,,,,True,TECHNICAL_COURSE_PASS,False,,,,,,,,,,,,Du03AStrokeSession,reach=1.25|spacing=0.08|dedupe=0.02|min=0.20|ink=5.00,source=HAND_MARKER|phase=LATE_UPDATE|assist=NONE,,False,False,True,PASS
COURSE_T3Bridge_1,Trajectory,,,,,,,,,,,Idle,Idle,DIRECT,TECHNICAL_COURSE_PASS,HAND_MARKER,,,,,,,,,,,,,,,,,,,,,,,,,,,,,True,TECHNICAL_COURSE_PASS,False,,,,,,,,,,,,Du03AStrokeSession,reach=1.25|spacing=0.08|dedupe=0.02|min=0.20|ink=5.00,source=HAND_MARKER|phase=LATE_UPDATE|assist=NONE,,False,False,True,PASS
COURSE_T3Bridge_2,Trajectory,,,,,,,,,,,Idle,Idle,DIRECT,TECHNICAL_COURSE_PASS,HAND_MARKER,,,,,,,,,,,,,,,,,,,,,,,,,,,,,True,TECHNICAL_COURSE_PASS,False,,,,,,,,,,,,Du03AStrokeSession,reach=1.25|spacing=0.08|dedupe=0.02|min=0.20|ink=5.00,source=HAND_MARKER|phase=LATE_UPDATE|assist=NONE,,False,False,True,PASS
COURSE_T3Bridge_3,Trajectory,,,,,,,,,,,Idle,Idle,DIRECT,TECHNICAL_COURSE_PASS,HAND_MARKER,,,,,,,,,,,,,,,,,,,,,,,,,,,,,True,TECHNICAL_COURSE_PASS,False,,,,,,,,,,,,Du03AStrokeSession,reach=1.25|spacing=0.08|dedupe=0.02|min=0.20|ink=5.00,source=HAND_MARKER|phase=LATE_UPDATE|assist=NONE,,False,False,True,PASS
